,townland,town,population
10086,Abbey Island,Ballyshannon Rural,10
10087,Abbeylands,Ballyshannon Rural,121
10088,Adderville,Straid,54
10089,Adderwal,Gleann Léithín,9
10090,Admiran,Stranorlar,364
10091,Aghadachor,Glen,15
10092,Aghadaghly,Grianfort,7
10093,Aghadowey,Ballintra,28
10094,Aghadreenan,Rosnakill,44
10095,Aghafoy,Pettigoe,4
10096,Aghaglassan,Gleneely,65
10098,Aghalattive,Ards,48
10099,Aghalatty,Carraig Airt,36
10102,Aghangaddy Glebe,Rathmelton,127
10103,Aghanursan,Millford,29
10104,Aghasheil,Stranorlar,19
10105,Aghatubbrid,Gleneely,15
10106,Aghavannan Far,Rathmullan,34
10107,Aghavannan Near,Rathmullan,23
10108,Aghaveagh,Allt na Péiste,22
10109,Aghawee,Clonleigh South,25
10110,Aghawoney,Ballyarr,30
10111,Aghayeevoge,Killybegs,112
10112,Aghilly and Lenynarnan,Buncrana Rural,107
10113,Aghlehard,Magheraboy,77
10114,Aghlem,Tullynaught,18
10115,Aghnahoo Glebe,Templecarn,29
10116,Aghnakeeragh,Raphoe,33
10117,Aghragh,Gleann Cholm Cille,48
10118,Aighan,Dunkineely,28
10119,Aighe,Gleann Gheis,29
10120,Alla,Ballyshannon Rural,12
10121,Alt Lower,Urney West,45
10122,Alt Upper,Urney West,95
10123,Altadoo,Donegal,17
10125,Altaghaderry,Killea,461
10126,Altahalla,Straid,153
10128,Altaskin,St. Johnstown,24
10129,Altatraght,An Clochán,8
10131,Altcor,Bonnyglen,9
10132,Altilow,Haugh,40
10134,Altlahan,An Clochán,35
10135,Altnagapple,Maol Mosóg,7
10136,Altnapaste,Allt na Péiste,27
10137,Annagary,Anagaire,383
10138,Annagh,Straid,167
10139,Annaslee,Fahan,17
10140,Anny Far and Near,Cnoc Colbha,27
10141,Aphort (Aran Island),Árainn Mhór,49
10144,Ardaganny,Corravaddy,42
10145,Ardagh (ED Ballyliffin),Ballyliffin,81
10146,Ardagh (ED Treantamucklagh),Treantaghmucklagh,49
10147,Ardaghy Glebe,Inver,58
10148,Ardahee,Ballymacool,11
10149,Ardara,Ard an Rátha,548
10150,Ardaravan,Buncrana Urban,2229
10151,Ardarawer,Castlewray,566
10152,Ardatowel,Tawnawully,41
10155,Ardbane (ED Eanymore),Eanymore,7
10156,Ardbane (ED Rosguill),Ros Goill,23
10159,Ardee,Newtown Cunningham,44
10160,Ardeelan Lower,Ballintra,21
10162,Ardeevin,Tawnawully,37
10163,Ardeskin,Donegal,201
10164,Ardfarn,Bundoran Rural,150
10165,Ardgillew,Cavangarden,12
10166,Ardglass,Grianfort,35
10167,Ardinawark,Tawnawully,75
10168,Ardlenagh,Donegal,18
10169,Ardlougher,Maol Mosóg,10
10170,Ardloughill,Carrickboy,32
10171,Ardmalin,Ardmalin,366
10172,Ardmeen,Cró Bheithe,21
10173,Ardmore,Kilderry,359
10174,Ardnableask,Tawnawully,10
10175,Ardnaditian,Manorcunningham,41
10176,Ardnagalliagh,Ballintra,10
10177,Ardnagannagh,Gleneely,28
10178,Ardnagappary,Machaire Chlochair,327
10180,Ardnaglass (ED Clonleigh South),Clonleigh South,25
10181,Ardnaglass (ED Pettigoe),Pettigoe,80
10184,Ardnasool,Clonleigh North,38
10185,Ardpattan,Cavangarden,9
10186,Ardrumman,Castlewray,98
10188,Ards Beg,Gort an Choirce,316
10189,Ards Big,Rathmelton,17
10190,Ards Little,Rathmelton,22
10191,Ards More,Gort an Choirce,88
10194,Arduns,Machaire Chlochair,50
10195,Ardvally,Maol Mosóg,12
10196,Ardvarnock Glebe,Figart,19
10197,Arlands,Inis Mhic an Doirn,75
10198,Arryheernabin,Fánaid Thuaidh,13
10200,Altashane or Cabadooey,Carndonagh,63
10201,Attatantee,Machaire Chlochair,7
10204,Aughagault Big,Convoy,64
10206,Aughnish,Rathmelton,138
10208,Aught,Three Trees,233
10210,Avaltygort,Gleneely,51
10212,Backland,Clonleigh South,6
10213,Backlees,Stranorlar,17
10215,Ballagh,Malin,35
10216,Ballaghderg,Gortnavern,464
10217,Ballard,Cill Ghabhlaigh,20
10218,Balleeghan (ED Greencastle),Greencastle,112
10219,Balleeghan (ED Manorcunningham),Manorcunningham,61
10220,Balleeghan Lower,Carthage,70
10221,Balleeghan Upper,Carthage,92
10222,Balleelaghan,Malin,40
10223,Ballina,Rosnakill,18
10224,Ballincrick and Ballynabrocky,Fánaid Thuaidh,59
10225,Ballindrait,Clonleigh North,77
10226,Ballinlough,Mintiaghs,43
10227,Ballintemple,Na Croisbhealaí,93
10228,Ballintlieve,Mintiaghs,45
10230,Ballintra (Aran Island),Árainn Mhór,89
10231,Ballintra (ED Ballintra),Ballintra,115
10232,Balloor,Fánaid Thuaidh,31
10234,Ballyannan,Desertegny,67
10235,Ballyara,Killybegs,41
10236,Ballyargus,Redcastle,229
10237,Ballyarr,Ballyarr,99
10238,Ballyarr Glebe,Ballyarr,95
10239,Ballyarrell,Gleneely,58
10241,Ballybegly,Newtown Cunningham,67
10242,Ballybegly Little,Manorcunningham,39
10243,Ballybobaneen,Allt na Péiste,32
10244,Ballybodonnell,Dunkineely,10
10245,Ballyboe (ED Convoy),Convoy,83
10246,Ballyboe (ED Corravaddy),Corravaddy,48
10247,Ballyboe (ED Creeslough),An Craoslach,19
10248,Ballyboe (ED Cross Roads),Na Croisbhealaí,114
10250,Ballyboe (ED Killea),Killea,16
10252,Ballyboe (ED Rathmelton),Rathmelton,155
10253,Ballyboe Glencar,Letterkenny Rural,1809
10256,Ballyboencurragh,Castlewray,35
10257,Ballybofey,Stranorlar,1506
10258,Ballybogan,Clonleigh South,28
10259,Ballybokeel,Rathmelton,9
10260,Ballybolauder,Templedouglas,22
10261,Ballybotemple,An Clochán,8
10262,Ballyboyle,Donegal,41
10263,Ballybrack,Moville,213
10264,Ballybrollaghan,Tantallon,116
10265,Ballybulgan,Ballintra,27
10266,Ballybun,Cloghard,107
10267,Ballybuninabber,An Tearmann,30
10268,Ballycallan,An Cheathrú Chaol,11
10269,Ballycharry,Turmone,65
10270,Ballyconnell,Na Croisbhealaí,165
10271,Ballyconnelly (ED Glenalla),Glenalla,33
10272,Ballyconnelly (ED Ballymacool),Ballymacool,51
10273,Ballycramsy,Malin,19
10274,Ballycroy,Dunkineely,18
10275,Ballycushion,Killea,23
10276,Ballydermot,Ballintra,54
10277,Ballydevitt,Donegal,60
10278,Ballydevitt Beg,Donegal,110
10279,Ballyederlan,Dunkineely,24
10280,Ballyederowen,Birdstown,462
10282,Ballygallan,Mín Charraigeach,19
10283,Ballygawley,Killymasny,22
10286,Ballygorman,Ardmalin,81
10287,Ballygreen,Rathmelton,16
10288,Ballyhanna,Carrickboy/Ballyshannon Urban,63
10289,Ballyhasky,Castleforward,431
10290,Ballyheerin,Fánaid Thiar,67
10291,Ballyhiernan,Fánaid Thuaidh,23
10292,Ballyholey Far,Kincraigy,54
10293,Ballyholey Near,Figart,66
10294,Ballyhoorisky,Fánaid Thiar,22
10295,Ballyhork,Fánaid Thiar,19
10297,Ballykeeran,Kilmacrenan,253
10298,Ballykenny (ED Ardmalin),Ardmalin,8
10299,Ballykenny (ED Glenalla),Glenalla,15
10300,Ballykergan,Allt na Péiste,41
10301,Ballykillowen,Laghy,29
10302,Ballykinard,Rosnakill,11
10303,BallylaSt. (Raphoe South By),Castlefinn,45
10304,Ballylawn (ED Castlecary),Castlecary,61
10305,Ballylawn (ED Manorcunningham),Manorcunningham,81
10306,Ballylennan,Feddyglass,60
10307,Ballylevin,Manorcunningham,21
10308,Ballyliffin,Ballyliffin,226
10309,Ballylin,Rathmelton,31
10310,Ballylosky,Glentogher,915
10311,Ballyloughan,Killybegs,79
10312,Ballymacahil,Bonnyglen,33
10313,Ballymacarry,Buncrana Rural/Buncrana Urban,1913
10314,Ballymacarry Lower,Buncrana Urban,655
10315,Ballymacarthur,Greencastle,203
10316,Ballymacavany,Pettigoe,15
10317,Ballymacaward,Ballyshannon Rural,109
10318,Ballymackilduff,Dawros,34
10319,Ballymacmoriarty,Ballyliffin,6
10320,Ballymacool,Ballymacool,833
10321,Ballymacphadin,Cill Charthaigh,26
10323,Ballymagahy North,Grianfort,13
10324,Ballymagahy South,Rosnakill,13
10325,Ballymagan Upper and Lower and Clonblosk,Illies,295
10326,Ballymagaraghy,Turmone,19
10327,Ballymagowan,Dunkineely,200
10328,Ballymagowan Lower,An Cheathrú Chaol,39
10329,Ballymagowan Upper,An Cheathrú Chaol,32
10330,Ballymagrorty,Cavangarden,7
10331,Ballymagrorty Irish,Ballintra,38
10332,Ballymagrorty Scotch,Ballintra,92
10333,Ballymaleel,Castlewray,109
10335,Ballymichael,Fánaid Thuaidh,20
10337,Ballymoney,Burt,10
10338,Ballymoon,An Leargaidh Mhór,10
10340,Ballymore Lower,Ards,27
10341,Ballymore Upper,Ards,24
10342,Ballymunterhiggin,Bundoran Rural,81
10343,Ballynabreen,Clonleigh South,61
10344,Ballynacarrick (ED Ballintra),Ballintra,63
10345,Ballynacarrick (ED Carrickboy),Carrickboy,35
10346,Ballynacor,Gleneely,133
10347,Ballynacraig,Gort an Choirce,70
10348,Ballynaglack,Stranorlar,88
10350,Ballynahone (ED Fahan),Fahan,48
10351,Ballynakeeloge,Illies,13
10352,Ballynakillew Mountain,Ballintra,20
10353,Ballynakilly (ED Inch Island)),Inch Island,32
10354,Ballynakilly (ED Templedouglas),Templedouglas,36
10355,Ballynally,Moville,965
10356,Ballynalost,Fánaid Thuaidh,5
10357,Ballynaman (ED Cloghan),An Clochán,18
10358,Ballynaman (ED Gleneely),Gleneely,22
10359,Ballynarry,Buncrana Rural,91
10360,Ballynascall,Mín an Lábáin,12
10361,Ballynashannagh,Rosnakill,9
10362,Ballynatone,An Clochán,34
10363,Ballyness,Na Croisbhealaí,153
10366,Ballyraine,Letterkenny Rural,960
10367,Ballyrattan,Castlecary,106
10368,Ballysaggart,Dunkineely,17
10369,Ballyscanlan Lower,Loch Caol,13
10370,Ballyscanlan Upper,Loch Caol,17
10372,Balwoges,Corkermore,35
10373,Banganboy,An Ghrafaidh,14
10374,Bangort,Cill Ghabhlaigh,9
10377,Barnes Lower,An Tearmann,33
10378,Barnes Upper,An Tearmann,15
10381,Barrack,Gortnavern,49
10382,Barrack or Ballymagig,Killymasny,59
10383,Baskill,Gleneely,27
10384,Bauville Keeloges and Clonglash,Buncrana Rural,176
10385,Bavan,An Leargaidh Mhór,94
10386,Bayhill,Rathmelton,9
10387,Baylet,Inch Island,24
10388,Beagh,Dawros,35
10389,Beaghmore,Gleann Léithín,5
10390,Beaugreen Glebe,Dunkineely,27
10391,Beefan,Cill Ghabhlaigh,28
10393,Beefpark,Tantallon,6
10395,Behy,Ballyshannon Rural,48
10396,Belalt,Cloghard,33
10397,Belalt North,Templecarn,17
10398,Belalt South,Templecarn,9
10399,Belcruit,Inis Mhic an Doirn,219
10400,Bellaganny,Gleann Gheis,5
10401,Bellanamore,Baile na Finne,50
10402,Bellanascaddan,Edenacarnan,89
10403,Bellina,Na Croisbhealaí,335
10405,Beltany,Raphoe,60
10406,Beltany Lower,Dún Lúiche,92
10407,Beltany Mountain,Dún Lúiche,39
10408,Beltany Upper,Dún Lúiche,53
10411,Billary,Pettigoe,22
10413,Bindoo,Allt na Péiste,26
10416,Binnion (ED St. Johnstown),St. Johnstown,10
10417,Binnion (ED Straid),Straid,56
10418,Binroe,Killybegs,66
10419,Birchhill,Clogher,72
10420,Bircog,Pettigoe,49
10421,Birdstown,Clonleigh South,31
10423,Birra,Ballintra,10
10426,Blackrepentance,Castlefinn,7
10427,Blackrock,Clonleigh North,10
10428,Blacks Glen,Rathmelton,11
10429,Blairstown,Killygordon,31
10430,Blanket Nook (Raphoe North By),Castleforward,17
10433,Bogagh,Raphoe,14
10434,Bogagh Glebe,Cill Charthaigh,33
10435,Bogay,Castlewray,59
10436,Bogay Glebe,Castleforward,12
10438,Bohanboy,Killygordon,11
10439,Boheolan,Templedouglas,23
10440,Bohirril,Gortnavern,61
10441,Bohirril Park,Gortnavern,19
10442,Bohullion Lower,Burt,87
10443,Bohullion Upper,Burt,43
10444,Bomany,Ballymacool,181
10445,Bonnyglen,Bonnyglen,11
10446,Booragh,Rathmelton,23
10448,Boyagh,Clonleigh North,28
10449,Boyoughter,Leitir Mhic an Bhaird,100
10451,Braade (ED Annagary),Anagaire,93
10452,Braade (ED Clonleigh North),Clonleigh North,32
10453,Braade Upper,Gleann Cholm Cille,15
10454,Bracky,Gleann Gheis,47
10455,Braehead,Figart,24
10456,Bready,Killea,22
10457,Breaghy (ED Ards),Ards,45
10458,Breaghy (ED Castlefinn),Castlefinn,14
10459,Breaghy (ED Rathmelton),Rathmelton,29
10460,Bredagh Glen,Moville,246
10461,Bree,Ardmalin,79
10462,Breen,Convoy,13
10463,Breenagh,Suí Corr,42
10464,Brenter,Inver,51
10465,Bridge End or Drummonaghan,Rathmelton,169
10466,Brinlack,Mín an Chladaigh,343
10467,Broadlea,Feddyglass,8
10468,Broadpath,Convoy,23
10469,Brockagh (ED Cloghan),An Clochán,22
10470,Brockagh (ED Crovehy),Cró Bheithe,9
10471,Brockagh (ED Creenasmear),Críoch na Sméar,22
10472,Brockagh (ED Treantamucklagh),Treantaghmucklagh,41
10473,Brookfield,Donegal,162
10477,Bruckless,Dunkineely,116
10478,Bunawack,Cró Bheithe,17
10479,Bunbeg,Machaire Chlochair,8
10480,Buncronan,Tantallon,17
10481,Buncroobog,Na Gleannta,35
10482,Bungosteen,Killybegs,21
10483,Bunnagee,Letterkenny Rural,234
10484,Bunnamayne,Burt,410
10485,Bunnaton,Cnoc Colbha,28
10488,Burnside,Figart,25
10489,Burnthaw,St. Johnstown,18
10490,Burtonport,Inis Mhic an Doirn,47
10491,Cabra Brook,Templedouglas,39
10492,Cabra Glebe,Templedouglas,12
10493,Cabry,Whitecastle,82
10494,Calhame (ED Clonleigh South),Clonleigh South,27
10496,Calhame (ED Dunkineely),Dunkineely,84
10497,Calhame (ED Dunlewy),Dún Lúiche,17
10498,Calhame (ED Killygordon),Killygordon,48
10499,Calhame (ED Urney West),Urney West,5
10500,Calhame or Montgomery's fort,Convoy,20
10501,Callan,Lettermore,76
10502,Callanacor,Lettermore,89
10503,Camblestown,Castlewray,63
10504,Camlin,Carrickboy,10
10505,Camp,Ballyshannon Rural,214
10507,Cappagh,Gleann Cholm Cille,46
10508,Cappry,Dooish,759
10509,Cappry (Graham),Dooish,26
10511,Carlan Lower,An Cheathrú Chaol,12
10512,Carlan Upper,An Cheathrú Chaol,97
10513,Carmoney,Creamhghort,13
10514,Carn (ED Gleneely),Gleneely,93
10515,Carn (ED Pettigoe),Pettigoe,31
10517,Carn High (ED Rathmelton),Rathmelton,49
10518,Carn Low,Rathmelton,23
10521,Carnagarve,Moville,151
10522,Carnaghan,Inch Island,27
10523,Carnagore,Glen,27
10524,Carnamogagh Lower,Letterkenny Rural,973
10525,Carnamogagh Upper,Letterkenny Rural,1567
10526,Carnamoyle,Kilderry,188
10527,Carnashannagh (ED Fahan),Fahan,67
10528,Carnatreantagh,Templedouglas,69
10529,Carnbeagh North,Clogher,42
10530,Carnbeagh South,Clogher,14
10531,Carnboy,Anagaire,13
10532,Carndoagh,Carndonagh,68
10533,Carngarrow,Cnoc Colbha,21
10536,Carnowen,Castlefinn,88
10537,Carnshannagh (ED Feddyglass),Feddyglass,12
10538,Carntressy,Templecarn,10
10539,Carntullagh,Killybegs,24
10540,Carradoan,Rathmullan,13
10544,Carran Upper and Lower,An Cheathrú Chaol,31
10545,Carranadore,Cloghard,32
10547,Carrick Lower,Gleann Cholm Cille,147
10548,Carrick Upper,Gleann Cholm Cille,181
10549,Carrick (ED Cranford),Creamhghort,67
10550,Carrick (ED Killygordon),Killygordon,49
10551,Carrick (ED Meenaclady),Mín an Chladaigh,341
10552,Carrick (ED Templedouglas),Templedouglas,58
10553,Carrick Upper and Lower Barr,Laghy,23
10554,Carrick West,Laghy,36
10555,Carrickabraghy,Ballyliffin,16
10556,Carrickadawson,Feddyglass,35
10557,Carrickafodan (ED Gleneganon),Glennagannon,200
10559,Carrickanee,Inch Island,60
10560,Carrickart,Carraig Airt,274
10562,Carrickatimpan,Mín an Lábáin,8
10563,Carrickatlieve Glebe,Ard an Rátha,31
10564,Carrickballydooey,Kincraigy,20
10566,Carrickboy,Ballyshannon Urban,372
10567,Carrickbrack (Raphoe North By),Convoy,27
10568,Carrickbrack (Raphoe South By),Convoy,45
10569,Carrickbreeny,Ballintra,15
10570,Carrickfin,Anagaire,12
10571,Carrickmagrath,Goland,232
10573,Carrickmaquigley,Redcastle,210
10574,Carrickmore,St. Johnstown,58
10575,Carricknagore,Killybegs,83
10576,Carricknahorna,Cavangarden,48
10577,Carricknamanna,Killygordon,109
10578,Carricknamart,Kincraigy,67
10579,Carricknamoghil,Killybegs,65
10580,Carricknashane,Killygordon,62
10582,Carrickrory,Pettigoe,4
10583,Carrickshandrum,Gleneely,42
10584,Carrickybressil,Millford,8
10586,Carrigans,Killea,165
10587,Carroghill,Mintiaghs,40
10588,Carrontlieve,Fahan,277
10589,Carrowbeg,Turmone,16
10590,Carrowblagh (ED Glentogher),Glentogher,131
10591,Carrowblagh (ED Turmone),Turmone,12
10592,Carrowblagh or Leckemy,Turmone,33
10593,Carrowcanon,Na Croisbhealaí,147
10594,Carrowcashel,Rathmelton,21
10595,Carrowen,Burt,48
10596,Carrowhugh,Greencastle,97
10597,Carrowkeel (ED Carrowkeel),An Cheathrú Chaol,198
10598,Carrowkeel (ED Whitecastle),Whitecastle,218
10599,Carrowkeel Glebe,Grianfort,12
10600,Carrowmenagh,Turmone,51
10601,Carrowmore (ED Gleneely),Gleneely,120
10602,Carrowmore (ED Malin),Malin,141
10603,Carrowmore or Glentogher,Glentogher,73
10604,Carrowmullin,Fahan,76
10605,Carrownaff,Castlecary,119
10606,Carrownaganonagh,Loch Caol,29
10607,Carrownamaddy (ED Burt),Burt,94
10608,Carrownamaddy (ED Creenasmear),Críoch na Sméar,31
10609,Carrownasaul,Loch Caol,22
10610,Carrowreagh (ED Burt),Burt,135
10611,Carrowreagh (ED Gleneganon),Glennagannon,192
10612,Carrowreagh (ED Knockalla),Cnoc Colbha,14
10613,Carrowreagh or Craignacally,Ballyliffin,68
10614,Carrowtrasna (ED Gartan),Gartán,25
10615,Carrowtrasna (ED Greencastle),Greencastle,74
10616,Carryblagh,Grianfort,27
10617,Carrygally,Corravaddy,70
10618,Carrygalt,Rathmelton,9
10619,Carthage,Carthage,181
10620,Casey Glebe,Dún Fionnachaidh,39
10622,Cashel (ED Ballyshannon Rural),Ballyshannon Rural,67
10623,Cashel (ED Doe Castle),Caisleán na dTuath,52
10624,Cashel (ED Dunlewy),Dún Lúiche,73
10625,Cashel (ED Gleneely),Gleneely,78
10626,Cashel (ED Glentogher),Glentogher,65
10627,Cashel (ED Malinbeg),Málainn Bhig,116
10628,Cashel (ED Mulmosog),Maol Mosóg,30
10629,Cashel Glebe,Fánaid Thiar,18
10630,Cashelard,Cliff,186
10631,Cashelcarn,Cill Charthaigh,45
10632,Cashelcummin,Killybegs,55
10633,Casheleenan,Loch Caol,36
10634,Cashelenny,Grousehall,8
10635,Cashelfean,Dunkineely,29
10636,Cashelgay,Edenacarnan,43
10637,Cashelgolan,Maas,24
10638,Cashelin,Cloghard,10
10639,Cashellackan,Ballyshannon Rural,26
10640,Cashelmore,Ards,87
10641,Cashelnagor,Dún Lúiche,73
10644,Casheloogary,Inver,56
10645,Cashelpreaghan,Grianfort,14
10646,Cashelreagh,Templedouglas,29
10647,Cashelreagh Glebe,Killybegs,42
10648,Cashelshanaghan,Castlewray,189
10649,Casheltown (ED Corkemore),Corkermore,37
10653,Castlebane (ED Dunfanaghy),Dún Fionnachaidh,15
10654,Castlebane (ED Stranorlar),Stranorlar,25
10655,Castleblaugh,Newtown Cunningham,40
10656,Castlecooly,Burt,55
10657,Castledoe,Caisleán na dTuath,44
10658,Castledowey,Treantaghmucklagh,95
10659,Castlefinn,Castlefinn,186
10660,Castleforward Demesne,Castleforward,79
10661,Castlequarter (ED Fahan),Fahan,4
10662,Castlequarter (ED Inch Island),Inch Island,36
10663,Castlethird,Killea,54
10665,Castletown,St. Johnstown,34
10666,Castlewray,Castlewray,36
10667,Castruse,Killea,19
10669,Cavan (ED Clonleigh North),Clonleigh North,65
10670,Cavan (ED Dunkineely),Dunkineely,14
10671,Cavan Lower,Killygordon,77
10672,Cavan Upper,Killygordon,57
10673,Cavanacaw,St. Johnstown,47
10674,Cavanacor,Clonleigh North,5
10675,Cavanaweery,Urney West,16
10676,Cavangarden,Cavangarden,75
10677,Cherrymount,Carrickboy,18
10678,Church Hill,Mín an Lábáin,77
10679,Churchland Quarters,Carndonagh,1919
10680,Churchtown (ED Clonleigh South),Clonleigh South,7
10681,Churchtown (ED Gartan),Gartán,16
10683,Claggan (ED Dunfanaghy),Dún Fionnachaidh,44
10684,Claggan (ED Greenfort),Grianfort,13
10685,Claggan (ED Millford),Millford,17
10690,Claggan South,Mín an Lábáin,21
10691,Clanboorhin,Donegal,30
10692,Claragh,Ballyarr,9
10693,Clarcam,Clogher,65
10694,Clarcarricknagun,Donegal,49
10696,Clardrumnagahan,Clogher,12
10697,Clare,Castlecary,140
10698,Clarlougheask,Clogher,33
10699,Clashygowan,St. Johnstown,13
10700,Cleenagh,Illies,70
10701,Cleenderry,An Machaire,26
10702,Cleengort,Na Gleannta,19
10703,Clehagh,Straid,195
10704,Cloghan,Cill Ghabhlaigh,5
10705,Cloghan Beg,An Clochán,88
10706,Cloghan More,An Clochán,32
10708,Cloghbolie (ED Ballyshannon Rural),Ballyshannon Rural,39
10709,Cloghbolie (ED Maghery),An Machaire,16
10710,Cloghboy,Gleann Gheis,50
10711,Cloghcor (Aran Island),Árainn Mhór,21
10712,Clogher,Clogher,134
10714,Clogher West,Maas,26
10716,Clogheravaddy,Bonnyglen,15
10718,Clogherdillure,Inis Mhic an Doirn,12
10722,Cloghfin (ED Castlefinn),Castlefinn,48
10723,Cloghfin (ED Clonleigh North),Clonleigh North,49
10724,Cloghfin (ED Killea),Killea,89
10726,Cloghglass,Inis Mhic an Doirn,45
10727,Cloghgore,Convoy,9
10728,Cloghore,Carrickboy,67
10729,Cloghroe (ED Edenacarnan),Edenacarnan,18
10730,Cloghroe (ED Lettermore),Lettermore,102
10731,Clonbara,Na Croisbhealaí,60
10732,Clonbeg Glebe,An Craoslach,20
10733,Clonca,Culdaff,65
10734,Cloncarney,Templedouglas,61
10735,Clonclayagh,An Clochán,34
10736,Clonconwal,Ard an Rátha,17
10737,Clondallan,Rathmullan,30
10740,Clonkilly More,Kilmacrenan,43
10741,Clonmany Glebe,Straid,75
10742,Clonmass,Ards,35
10743,Clonmore,Ards,23
10744,Clontallagh,Ros Goill,31
10745,Clontyseer,Carrickboy,25
10746,Cloon,Castleforward,19
10747,Cloonarrell,Gleneely,15
10748,Clooney (ED Maas),Maas,35
10749,Clooney (ED Rathmelton),Rathmelton,74
10750,Clooney and Gortnamona,Fánaid Thiar,7
10752,Cloontagh,Ballyliffin,404
10755,Coguish,Cró Chaorach,17
10756,Colehill,Castleforward,320
10757,Commeen (ED Cloghan),An Clochán,55
10758,Commeen (ED Doocharry),An Dúchoraidh,14
10759,Common (ED Figart),Figart,69
10760,Common (ED Glengesh),Gleann Gheis,35
10764,Coneyburrow,Clonleigh South,239
10765,Connaghkinnagoe,Illies,43
10766,Contycro,Málainn Bhig,14
10767,Convoy Demesne,Convoy,34
10768,Convoy Townparks,Convoy,652
10769,Conwal,Ballymacool,86
10770,Cool Beg,Ballyshannon Rural,19
10772,Cool More,Ballyshannon Rural,24
10773,Cool Upper,Creamhghort,49
10774,Cooladawson,Killygordon,21
10775,Cooladerry (ED Fanad North),Fánaid Thuaidh,29
10776,Cooladerry (ED Raphoe),Raphoe,29
10778,Coolaghy,Feddyglass,11
10780,Coolatee,Clonleigh North,71
10781,Coolback,Grianfort,6
10782,Coolboy Big,Gortnavern,144
10783,Coolboy Little,Gortnavern,20
10784,Coolcholly,Ballyshannon Rural/Ballyshannon Urban,336
10785,Coolshangan,Inver,64
10786,Coolvoy,Gleann Léithín,18
10787,Cooly,Castlecary,67
10788,Coolyslin,Urney West,74
10789,Copany,Tullynaught,50
10790,Cor,Leitir Mhic an Bhaird,18
10791,Corcam,Killygordon,6
10792,Corcashy,Convoy,13
10793,Corcreggan,Dún Fionnachaidh,27
10794,Corcullion,Castlefinn,22
10795,Corderry,Mín an Lábáin,26
10797,Corgary,Knock,170
10800,Corker More,Corkermore,28
10801,Corkey,Kincraigy,94
10802,Corlacky,An Clochán,46
10803,Corlea (ED Cliff),Cliff,40
10806,Cormakilly,Urney West,8
10807,Cormullin,Laghy,29
10808,Cornabrogue,Gleneely,13
10810,Cornagill,Castlewray,108
10811,Cornagillagh,Convoy,15
10813,Cornagullion,Mín an Lábáin,14
10815,Corncamble,Castleforward,5
10816,Corporation,Killybegs,585
10817,Corracramph,Tawnawully,11
10818,Corradooey (ED Convoy),Convoy,20
10819,Corradooey (ED Gleneely),Gleneely,29
10820,Corraffrin,Knock,70
10821,Corraine,Allt na Péiste,67
10822,Corranagh,Magheraboy,191
10823,Corraness Glebe,Ard an Rátha,7
10825,Corry,Grianfort,21
10826,Corveen (ED Clogher),Clogher,43
10827,Corveen (ED Meenaclady),Mín an Chladaigh,6
10829,Cottian,Kilmacrenan,17
10830,Cottown,Raphoe,8
10831,Court,Loch Caol,30
10833,Coxtown,Ballintra,23
10834,Craghy (ED Dunglow),An Clochán Liath,21
10836,Craig (ED Creeslough),An Craoslach,15
10837,Craig (ED Kilderry),Kilderry,237
10839,Craigmaddyroe Far,Rathmullan,40
10842,Craigs (ED Figart),Figart,8
10843,Craigtown (ED Cross Roads),Na Croisbhealaí,23
10844,Craigtown (ED Fahan),Fahan,23
10845,Cranford,Creamhghort,138
10846,Crannogeboy,Gleann Gheis,47
10847,Cranny Lower,Bonnyglen,106
10849,Cratlagh,Millford,67
10850,Creaghadoos,Feddyglass,113
10851,Creatland,St. Johnstown,44
10852,Creehennan,Whitecastle,51
10854,Creenasmear,Críoch na Sméar,14
10856,Creeslough,An Craoslach,300
10857,Creevagh,Glen,24
10858,Creeve,Castleforward,31
10859,Creeve (Smith),Ballymacool,576
10860,Creeve Glebe,Ballymacool,89
10861,Creeveoughter,Cnoc Colbha,38
10862,Creevins,Tantallon,36
10863,Creevy,Ballyshannon Rural,157
10864,Creggan (ED Figart),Figart,19
10865,Creggan (ED Stranorlar),Stranorlar,126
10866,Crevary Lower,Rathmullan,20
10867,Crevary Upper,Rathmullan,35
10869,Crislaghkeel,Fahan,39
10870,Crislaghmore,Fahan,108
10871,Croagh (ED Corkemore),Corkermore,34
10874,Croaghan (ED Clonleigh South),Clonleigh South,8
10875,Croaghan (ED Rathmelton),Rathmelton,62
10876,Croaghan (ED Rosnakill),Rosnakill,19
10878,Croaghbeg,An Leargaidh Mhór,22
10881,Croaghlin (ED Glencolumbkille),Gleann Cholm Cille,18
10882,Croaghlin (ED Killybegs),Killybegs,58
10886,Croaghnashallog,An Clochán Liath,120
10888,Croaghross,Grianfort,33
10895,Crockglass,Whitecastle,31
10898,Crocknagapple,Maol Mosóg,6
10899,Crocknageeragh,An Clochán Liath,102
10900,Crocknamurleog,Ros Goill,99
10901,Crockraw,Mín an Lábáin,15
10902,Crohy,An Machaire,70
10903,Crohyboyle,An Clochán Liath,31
10905,Crolly,Machaire Chlochair,119
10908,Cronaguiggy,Machaire Chlochair,35
10910,Cronalaghy,Gleneely,34
10913,Cronkeeran,Maol Mosóg,42
10914,Cross (ED Killea),Killea,24
10915,Cross (ED Whitecastle),Whitecastle,28
10916,Crossconnell,Dunaff,51
10917,Crossogs,Killymasny,19
10919,Crovehy,Cró Bheithe,57
10920,Crowanrudda,Cró Chaorach,8
10924,Croweighter,Cró Chaorach,19
10925,Crowkeeragh,Cró Chaorach,8
10926,Crowlar,Cró Chaorach,18
10927,Crownasillagh,An Leargaidh Mhór,8
10928,Cruickaghmore,Inis Mhic an Doirn,66
10929,Cruit Lower,Inis Mhic an Doirn,10
10930,Cruit Upper,Inis Mhic an Doirn,50
10931,Crumlin (ED Glengesh),Gleann Gheis,39
10933,Cuilly,Tullynaught,21
10934,Culdaff,Culdaff,85
10935,Culdaff Glebe,Culdaff,13
10936,Culineen,Redcastle,90
10938,Cullion (ED Corravaddy),Corravaddy,80
10940,Cullion (ED Lettermacaward),Leitir Mhic an Bhaird,19
10942,Cullionboy,Clogher,53
10943,Culoort,Ardmalin,62
10945,Cunlin,Killybegs,21
10946,Curragh,Corravaddy,22
10947,Curraghafeaghan,Tieveskeelta,15
10948,Curraghalane,Clonleigh South,251
10950,Curraghlea,Gortnavern,66
10951,Curraghomongan,Stranorlar,198
10952,Currin,An Tearmann,84
10953,Currynanerriagh,Gleann Léithín,30
10954,Cuskry Glebe,Cill Charthaigh,12
10955,Cuttymanhill,St. Johnstown,13
10958,Dargan,Grianfort,8
10959,Darney,Dunkineely,77
10961,Deenystown,Castlewray,40
10962,Deer Park West,Castleforward,12
10964,Demesne,Cloghard,43
10968,Dernacally,Killea,11
10969,Derries (ED Cavangarden),Cavangarden,58
10970,Derries (ED Glenties),Na Gleannta,76
10971,Derriscligh,An Tearmann,35
10972,Derrora,Templedouglas,74
10973,Derryart,Ards,26
10975,Derrybeg (ED Magheraclogher),Machaire Chlochair,118
10976,Derrycassan,Ros Goill,45
10977,Derryconor,Gort an Choirce,161
10978,Derrydruel Lower,An Machaire,5
10979,Derrydruel Upper,An Machaire,33
10980,Derryfad,Caisleán na dTuath,6
10981,Derryharriff Glebe,An Craoslach,38
10982,Derryhirk,Bonnyglen,6
10983,Derrykillew,Cliff,28
10985,Derrylahan (ED Kilcar),Cill Charthaigh,98
10986,Derryleconnell Far,Leitir Mhic an Bhaird,24
10987,Derryleconnell Near,Leitir Mhic an Bhaird,27
10990,Derrynacarrow,An Dúchoraidh,58
10992,Derrynagrial,An Dúchoraidh,6
10993,Derrynamansher,Anagaire,35
10994,Derrynanaspol,An Dúchoraidh,10
10995,Derryness,Dawros,23
10996,Derryreel,Na Croisbhealaí,137
10997,Derryvane,Kilderry,98
10999,Devlin or Barr of Ballyconnell,Na Croisbhealaí,10
11000,Devlinmore,Creamhghort,50
11001,Devlinreagh,Creamhghort,81
11004,Doagh,Ros Goill,19
11005,Doagh Beg,Fánaid Thuaidh,55
11006,Doagh More,Fánaid Thiar,31
11007,Doaghcrabbin,Fánaid Thuaidh,12
11008,Donaghmore Glebe,Castlefinn,16
11009,Donegal,Donegal,473
11010,Dooballagh,Magheraboy,84
11011,Doobally,Ballyshannon Rural,11
11014,Doocashel Glebe,Ards,44
11015,Doochill North,Ard an Rátha,51
11017,Dooey (ED Kilgoly),Cill Ghabhlaigh,14
11018,Dooey (ED Lettermacaward),Leitir Mhic an Bhaird,68
11019,Dooghan,Castlefinn,14
11020,Dooish (ED Dooish),Dooish,234
11021,Dooish (ED Treantamucklagh),Treantaghmucklagh,51
11022,Doon,An Tearmann,39
11023,Doon Glebe,Ballymacool,186
11024,Doonalt,Cill Ghabhlaigh,27
11025,Doonan,Donegal,123
11026,Doorabble,Kincraigy,19
11028,Dooros,Clonleigh South,12
11029,Dore,Machaire Chlochair,272
11031,Downies,Ros Goill,87
11033,Drean,Manorcunningham,11
11034,Dreenan,Knock,143
11035,Dresnagh,Urney West,11
11036,Dristernan,Gleneely,255
11037,Dromore (ED Ballintra),Ballintra,18
11038,Dromore (ED Clonleigh North),Clonleigh North,13
11039,Dromore (ED Donegal),Donegal,114
11040,Dromore (ED Gleneely),Gleneely,241
11041,Dromore (ED Magheraboy),Magheraboy,195
11042,Dromore (ED Tantallon),Tantallon,50
11043,Dromore (ED Templedouglas),Templedouglas,38
11044,Dromore Big,Feddyglass,15
11045,Dromore Little,Feddyglass,37
11046,Drum (ED Greenfort),Grianfort,24
11047,Drum (ED Kilgoly),Cill Ghabhlaigh,13
11048,Drumabodan,Kilmacrenan,37
11049,Drumacloghan,Glenalla,60
11050,Drumacrin,Bundoran Rural/Bundoran Urban,497
11051,Drumadart,Inver,12
11052,Drumadoney,Tullynaught,10
11053,Drumadooey,Birdstown,104
11054,Drumaghy (ED Glengesh),Gleann Gheis,91
11055,Drumaghy (ED Tieveskeelta),Tieveskeelta,26
11056,Drumagraa,An Bhinn Bhán,11
11057,Drumalough or Lough Hill,Gleann Gheis,10
11058,Drumanaught,Killymasny,96
11059,Drumaneany,Gleann Léithín,16
11060,Drumaneary,Tantallon,13
11061,Drumaneel,Ballintra,33
11062,Drumanoo,Killybegs,40
11064,Drumany (ED Magheraboy),Magheraboy,181
11065,Drumard,Eanymore,66
11066,Drumardagh,Magheraboy,161
11067,Drumark,Donegal,115
11068,Drumatoland,Treantaghmucklagh,66
11069,Drumatrumman,An Cheathrú Chaol,17
11070,Drumatumpher,Bonnyglen,68
11071,Drumaville (ED Culdaff),Culdaff,175
11072,Drumaville (ED Turmone),Turmone,10
11073,Drumavish,Gleneely,21
11074,Drumavohy (ED Malin),Malin,18
11076,Drumawark,Pettigoe,18
11077,Drumaweer,Moville,430
11079,Drumbane,Urney West,39
11080,Drumbar,Donegal,36
11081,Drumbaran (ED Ardara),Ard an Rátha,123
11082,Drumbaran (ED Eanymore),Eanymore,68
11083,Drumbarity,Killybegs,11
11084,Drumbarnet,Killea,21
11085,Drumbarnet Lower,Newtown Cunningham,7
11086,Drumbarnet Middle,Newtown Cunningham,20
11087,Drumbarnet Upper,Newtown Cunningham,48
11089,Drumbeagh (ED Killybegs),Killybegs,82
11090,Drumbeagh (ED Tantallon),Tantallon,60
11091,Drumbeg (ED Feddyglass),Feddyglass,13
11092,Drumbern,Millford,225
11093,Drumboarty,Eanymore,20
11094,Drumboe Lower,Stranorlar,437
11095,Drumboe Upper,Stranorlar,22
11096,Drumboghill,Dawros,12
11097,Drumbologe,Templedouglas,12
11098,Drumboy (ED Clonleigh South),Clonleigh South,426
11099,Drumboy (ED Newtown Cunningham),Newtown Cunningham,7
11100,Drumbrick,Kilmacrenan,38
11101,Drumbristan Glebe,Ballintra,14
11102,Drumcannon,Gleneely,33
11103,Drumcarbit,Malin,248
11104,Drumcarn,Kincraigy,47
11105,Drumcavany,Templedouglas,75
11106,Drumchory Glebe,Ballintra,7
11108,Drumcliff,Donegal,74
11109,Drumcoe,Tantallon,64
11111,Drumconor,Tantallon,74
11112,Drumcroagh,Tullynaught,11
11113,Drumcrow,Feddyglass,17
11114,Drumderrydonan,Allt na Péiste,29
11115,Drumdeevin,An Tearmann,31
11116,Drumdoit,Urney West,87
11117,Drumduff,Bonnyglen,36
11118,Drumdutton,Glen,6
11119,Drumearn,St. Johnstown,23
11121,Drumenan (ED Killymasny),Killymasny,84
11122,Drumenan (ED St. Johnstown),St. Johnstown,60
11124,Drumfad (ED Feddyglass),Feddyglass,16
11127,Drumfergus,Gleneely,68
11128,Drumfin (ED Inver),Inver,17
11129,Drumgorman (ED Tantallon),Tantallon,42
11130,Drumgorman Barr,Tantallon,19
11131,Drumgornan,Donegal,32
11132,Drumgowan,Donegal,53
11133,Drumgreggan,Magheraboy,38
11134,Drumgumberland,Convoy,47
11137,Drumhaggart,Birdstown,134
11138,Drumhallagh Lower,Killygarvan,20
11139,Drumhallagh Upper,Killygarvan,31
11140,Drumharriff,Pettigoe,45
11141,Drumherrive,Glenalla,60
11142,Drumhome,Ballintra,15
11143,Druminardagh,Tullynaught,24
11145,Druminderry Upper and Lower,Illies,19
11146,Drumineney,Raphoe,10
11148,Druminnin,Clogher,136
11149,Drumirrin,Gleann Gheis,13
11150,Drumkeeghan,Donegal,12
11151,Drumkeelan,Tantallon,35
11152,Drumkeen,Convoy,282
11153,Drumlackagh,Glen,19
11154,Drumlaghdrid,An Machaire,74
11155,Drumlaght,Donegal,24
11156,Drumlaghtafin,Inver,24
11157,Drumlask,Tullynaught,33
11158,Drumleavalliagh,An Craoslach,7
11159,Drumlee,Gleneely,27
11160,Drumleene,Clonleigh North,91
11161,Drumlonagher,Donegal,121
11163,Drumlougher,Castleforward,25
11164,Drumlurgagh,An Tearmann,25
11166,Drummacacullen,Bonnyglen,18
11167,Drummacaladdery,Creamhghort,11
11168,Drummacanoo,Templedouglas,108
11169,Drumman,Ballyarr,6
11170,Drummanus Glebe,Ballintra,11
11171,Drummay,Castleforward,20
11173,Drummeenanagh (ED Lough Eask),Loch Iascaigh,24
11174,Drummenny Lower,Tullynaught,46
11175,Drummenny Middle,Tullynaught,9
11176,Drummenny Upper,Tullynaught,10
11177,Drummucklagh,Feddyglass,40
11178,Drummurphy,Cloghard,9
11180,Drumnacarry (ED Bonnyglen),Bonnyglen,12
11181,Drumnacarry (ED Creeslough),An Craoslach,18
11182,Drumnacarry (ED Lough Eask),Loch Iascaigh,10
11184,Drumnacart Mountain Pasture,Anagaire,40
11185,Drumnacraig,Fánaid Thuaidh,11
11186,Drumnacroil,Ballintra,23
11187,Drumnacross (ED Lettermore),Lettermore,12
11188,Drumnacross (ED Ardara),Ard an Rátha,35
11189,Drumnafinnagle,An Leargaidh Mhór,46
11190,Drumnagahan,Clogher,12
11191,Drumnagroagh,Carrickboy,18
11192,Drumnaha (ED Clonleigh South),Clonleigh South,20
11193,Drumnaha (ED Glenleheen),Gleann Léithín,7
11194,Drumnaha (ED Urney West),Urney West,13
11195,Drumnaheark East,Eanymore,17
11196,Drumnaheark West,Eanymore,7
11197,Drumnahoagh,Letterkenny Rural,167
11198,Drumnahough,Mín Charraigeach,12
11199,Drumnahoul,Tullynaught,9
11201,Drumnakilly,Inver,46
11204,Drumnalost,Eanymore,16
11206,Drumnaraw,An Craoslach,46
11210,Drumnasillagh,Na Gleannta,336
11213,Drumnaskea (ED Castlewray),Castlewray,62
11215,Drumnatinny,Na Croisbhealaí,52
11218,Drumoghill (ED Kincraigy),Kincraigy,89
11219,Drumoghill (ED Termon),An Tearmann,23
11222,Drumrat,Donegal,41
11223,Drumreagh,Cill Charthaigh,20
11224,Drumroe,Cill Ghabhlaigh,44
11225,Drumrone,Eanymore,46
11226,Drumroosk,Donegal,10
11228,Drumroosk Middle,Donegal,324
11229,Drumroosk West,Donegal,497
11230,Drumsallagh,Mín an Lábáin,11
11232,Drumskellan,Three Trees,134
11233,Drumstevlin,Donegal,39
11235,Drung (ED Redcastle),Redcastle,264
11236,Dunaff,Dunaff,139
11237,Dunagard,Ardmalin,29
11238,Dundee,St. Johnstown,250
11239,Dundooan Lower,Ros Goill,51
11240,Dundooan Upper,Ros Goill,22
11241,Dundrean,Birdstown,133
11243,Dunduffsfort,Newtown Cunningham,31
11244,Dunfanaghy,Dún Fionnachaidh,168
11245,Dunglow,An Clochán Liath,692
11246,Dungorman,Cloghard,46
11247,Dunkineely,Dunkineely,156
11249,Dunlewy Near,Dún Lúiche,17
11250,Dunmore (ED Annagary),Anagaire,32
11251,Dunmore (ED Carrickart),Carraig Airt,76
11252,Dunmore (ED Carrowkeel),An Cheathrú Chaol,13
11253,Dunmore (ED Cross Roads),Na Croisbhealaí,127
11254,Dunmore (ED Killea),Killea,243
11255,Dunmuckrum,Bundoran Rural/Ballyshannon Urban,116
11256,Dunnaloob,Urney West,36
11257,Dunree,Desertegny,38
11258,Dunross,Culdaff,146
11259,Duntinny,Grianfort,10
11260,Dunwiley,Stranorlar,101
11261,Durnesh,Ballintra,13
11262,Eddrim Glebe,Donegal,52
11263,Eden,Dawros,18
11265,Edenacarnan South,Edenacarnan,14
11266,Edenagor,Carrickboy,21
11267,Edenamoghil,Gleneely,50
11268,Edenamuck,Eanymore,12
11269,Edenfinfreagh,An Ghrafaidh,8
11270,Edenmore (ED Clonleigh North),Clonleigh North,38
11271,Edenmore (ED Gleneely),Gleneely,68
11272,Edergole (ED Glengesh),Gleann Gheis,71
11273,Edergole (ED Lough Eask),Loch Iascaigh,5
11277,Eighterross,Castlewray,20
11278,Elaghbeg,Birdstown,178
11279,Eleven Ballyboes,Greencastle,331
11280,Ellistrin Big,Gortnavern,25
11281,Ellistrin Little,Gortnavern,27
11282,Elly,Killygarvan,12
11283,Errarooey Beg,Dún Fionnachaidh,23
11284,Errarooey More,Dún Fionnachaidh,40
11285,Errity,Manorcunningham,18
11286,Errity Churchland,Manorcunningham,65
11287,Eskaheen,Kilderry,202
11288,Evishbreedy,Illies,11
11290,Faiafannan,Killybegs,26
11291,Falbane,Mín an Lábáin,29
11292,Falcarragh,Na Croisbhealaí,118
11293,Falchorrib,An Machaire,45
11295,Fallagowan (Aran Island),Árainn Mhór,38
11297,Fallard or Calhame,Gortnavern,115
11298,Fallask,Illies,44
11300,Fanaghans,Inver,92
11301,Fanavolty,Fánaid Thuaidh,11
11302,Farnagh,Rathmelton,28
11304,Farragans (ED Lettermacaward),Leitir Mhic an Bhaird,32
11305,Farranmacbride,Cill Ghabhlaigh,5
11307,Faugher,Cill Ghabhlaigh,14
11309,Fawans,An Tearmann,24
11310,Fawnaboy,Gort an Choirce,129
11311,Fawninoughan,Glenalla,41
11312,Fawnmore,Dún Fionnachaidh,34
11313,Faymore,An Craoslach,45
11315,Feddyglass,Feddyglass,22
11316,Fegart,Ballyliffin,61
11317,Figart (ED Dunfanaghy),Dún Fionnachaidh,50
11318,Figart (ED Figart),Figart,42
11319,Figary,Fahan,190
11320,Fincashel,Pettigoe,10
11321,Findrum,Convoy,33
11322,Finnabanes,Clogher,95
11323,Finnadoos,Tullynaught,51
11324,Finnadork Glebe,Convoy,16
11325,Finner,Bundoran Rural/Bundoran Urban,528
11326,Fintown,Baile na Finne,88
11327,Fintragh,Crownarad,275
11329,Flemingstown,Figart,7
11331,Foffanagh,Illies,69
11332,Forquar,Millford,343
11333,Fortstewart,Rathmelton,12
11334,Foxhall,Templedouglas,24
11335,Foyagh,Ballintra,16
11336,Foyfin,Urney West,25
11337,Fraugher,Ards,65
11338,Freehold,Gleneely,16
11340,Friary,Loch Iascaigh,88
11341,Fycorranagh,Corravaddy,40
11342,Gaddyduff,Straid,222
11343,Galdonagh,Treantaghmucklagh,146
11344,Galdonagh Glebe,Treantaghmucklagh,63
11345,Galwolie (ED Cloghan),An Clochán,26
11346,Galwolie (ED Lettermacaward),Leitir Mhic an Bhaird,47
11347,Gannew and Curreen,Málainn Bhig,50
11348,Gargrim,Eanymore,38
11349,Garrisonhill,Gleneely,24
11350,Garrowcarry,Edenacarnan,95
11352,Garrygort,Millford,18
11353,Garrymore,Millford,10
11354,Garshooey,Killea,59
11356,Garvagh,Tawnawully,29
11357,Garvan,An Clochán,35
11358,Garvanagh,Cavangarden,50
11359,Garvary (ED Birdstown),Birdstown,165
11362,Garvegort Glebe,Ard an Rátha,30
11363,Garveross,Cill Ghabhlaigh,11
11364,Gilbertstown,Dunkineely,24
11365,Gillystown,St. Johnstown,22
11366,Glack,Críoch na Sméar,23
11367,Glack or Bohullion,Inch Island,28
11368,Glackadrumman,Culdaff,30
11370,Glasalt or Treanfasy,Carndonagh,83
11371,Glasbolie,Ballintra,78
11372,Glashagh,Mín an Chladaigh,202
11373,Glashagh Beg,An Clochán,15
11374,Glashagh More,An Clochán,19
11375,Glashbeggan,Inis Mhic an Doirn,47
11377,Glaskeeragh,Templecarn,7
11378,Glasly,Convoy,68
11379,Glasmullan (ED Killea),Killea,13
11380,Glasmullan (ED Mintiaghs),Mintiaghs,57
11382,Glassan,Críoch na Sméar,11
11383,Glasserchoo,Gort an Choirce,154
11384,Glebe (ED Carndonagh),Carndonagh,54
11386,Glebe (ED Castlewray),Castlewray,604
11388,Glebe (ED Clonleigh North),Clonleigh North,18
11389,Glebe (ED Cross Roads),Na Croisbhealaí,12
11390,Glebe (ED Desertegny),Desertegny,36
11391,Glebe (ED Donegal),Donegal,245
11392,Glebe (ED Fahan),Fahan,9
11395,Glebe (ED Killybegs),Killybegs,70
11400,Glebe (ED Rosguill),Ros Goill,24
11401,Glebe (ED Stranorlar),Stranorlar,205
11404,Glebe Large,Fahan,18
11406,Glen,Tantallon,20
11407,Glen Lower,Rathmelton,39
11410,Glenalla,Glenalla,79
11413,Glencar Irish,Letterkenny Rural,1008
11414,Glencar Scotch,Letterkenny Rural,1921
11415,Glencash,Clonleigh North,59
11416,Glencaw,Whitecastle,14
11417,Glencoagh,Tantallon,136
11418,Glencovet,Knock,90
11419,Glencross,Rathmullan,24
11420,Glencrow,Castlecary,150
11422,Gleneely,Gleneely,32
11423,Glenfad,Clonleigh North,49
11424,Glengad,Carthage,543
11425,Glengesh,Gleann Gheis,62
11426,Glengillagrana High,Glen,55
11427,Glenieraragh,Glen,54
11429,Glenkeen,Millford,24
11430,Glenkeeragh,Templedouglas,72
11431,Glenkeeran,Magheraboy,13
11432,Glenkeo (ED Carrickart),Carraig Airt,30
11433,Glenkeo (ED Edenacarnan),Edenacarnan,27
11434,Glenleary,Rathmelton,99
11435,Glenlee,Killybegs,11
11437,Glenmacannive,Na Gleannta,17
11438,Glenmakee,Carndonagh,152
11439,Glenmaquin Upper,Kincraigy,30
11440,Glenmaquin Lower,Kincraigy,146
11441,Glenmenagh,Glen,29
11442,Glennagiveny,Greencastle,24
11443,Glennahilt,Inis Mhic an Doirn,14
11446,Glenree,Carraig Airt,30
11448,Glentidaly,Glenalla,11
11449,Glentidaly Glebe,Glenalla,25
11452,Glentown,Treantaghmucklagh,18
11453,Glinsk,Fánaid Thiar,48
11454,Gobnascale,Convoy,8
11455,Gola,Machaire Chlochair,5
11456,Goladoo,Tawnawully,18
11457,Golan,Millford,41
11458,Goland,Goland,121
11459,Golard,Laghy,23
11460,Goldrum,Loch Caol,39
11461,Goorey,Malin,7
11464,Gort (ED Straid),Straid,4
11465,Gort Glebe,Raphoe,22
11471,Gortahork (ED Gleneely),Gleneely,48
11472,Gortahork (ED Gortahork),Gort an Choirce,109
11473,Gortalaban,Edenacarnan,22
11474,Gortalia,An Leargaidh Mhór,8
11475,Gortanny,Whitecastle,77
11476,Gortaquigley,Raphoe,17
11477,Gortaward,Tantallon,18
11478,Gortaway,Rathmelton,26
11479,Gortcally,An Cheathrú Chaol,53
11480,Gortcormacan,Birdstown,29
11484,Gortgarra (Aran Island),Árainn Mhór,44
11486,Gortin,Ballyarr,35
11487,Gortin North,Clonleigh North,81
11488,Gortin South,Clonleigh South,6
11489,Gortiness,Allt na Péiste,32
11491,Gortinlieve,Killea,16
11492,Gortinreagh,Clonleigh North,37
11494,Gortleck,Desertegny,90
11495,Gortlee,Letterkenny Rural,565
11496,Gortletteragh,Stranorlar,12
11497,Gortlosky,Donegal,62
11499,Gortlush,Castleforward,23
11500,Gortmacall Beg,Millford,100
11501,Gortmacall More,Millford,32
11502,Gortnabrade,Carraig Airt,108
11503,Gortnacart Glebe,Ard an Rátha,18
11504,Gortnacor,Grianfort,32
11505,Gortnacorrib,Edenacarnan,72
11507,Gortnagrace,Urney West,21
11509,Gortnaleck,Críoch na Sméar,63
11510,Gortnalughoge,Ros Goill,9
11512,Gortnamuck,Cloghard,36
11513,Gortnamucklagh,Na Gleannta,440
11514,Gortnasate,Anagaire,24
11515,Gortnasillagh,Na Gleannta,41
11516,Gortnaskea,Birdstown,103
11517,Gortnaskeagh,Kilmacrenan,53
11518,Gortnatraw North,Fánaid Thiar,20
11519,Gortnatraw South,An Cheathrú Chaol,184
11520,Gortnavern (ED Gortnavern),Gortnavern,110
11521,Gortnavern (ED Millford),Millford,11
11524,Gortree,Castleforward,98
11525,Gortyarrigan,Desertegny,75
11528,Grahamsland,Castlefinn,326
11529,Grahamstown,Ballintra,11
11530,Grange (ED Burt),Burt,8
11531,Grange (ED Inch Island),Inch Island,120
11532,Gransha,Buncrana Rural,110
11533,Grawky,Manorcunningham,10
11535,Greaghs,Laghy,43
11536,Greenan,Loch Iascaigh,24
11537,Greenans,An Ghrafaidh,6
11538,Greenfield,Convoy,105
11539,Greenfort Demesne,Grianfort,10
11540,Greenhill (ED Castlewray),Castlewray,64
11541,Greenhill (ED Dunfanaghy),Dún Fionnachaidh,25
11542,Greenhills,Stranorlar,27
11543,Grogagh,An Craoslach,31
11544,Grousehall,Grousehall,37
11545,Grovehall or Newtowngrove,Ballyarr,33
11546,Gulladoo,Moville,361
11547,Guystown,Clonleigh North,22
11549,Halftown,Urney West,28
11550,Hall Demesne,Tantallon,184
11551,Haugh,Haugh,14
11552,Haw (ED Clonleigh South),Clonleigh South,32
11553,Haw (ED Killea),Killea,64
11554,Heneys,Haugh,73
11557,Hollands,Clonleigh North,11
11560,Illies,Illies,100
11561,Illion (Aran Island),Árainn Mhór,33
11562,Imlick,Killea,6
11563,Inch Level (ED Burt),Burt,12
11571,Inishfad,Ballintra,9
11580,Inniskil (ED Church Hill),Mín an Lábáin,10
11581,Inver Glebe,Inver,96
11582,Ironworks,Stranorlar,9
11584,Island Roy,Ros Goill,12
11586,Keadew,Inis Mhic an Doirn,235
11587,Keadew Upper,Clogher,17
11588,Keadew Lower,Clogher,15
11589,Keeldrum,Clogher,19
11590,Keeldrum Lower,Gort an Choirce,57
11591,Keeldrum Upper,Gort an Choirce,87
11592,Keeloges (ED Church Hill),Mín an Lábáin,77
11594,Keeloges (ED Inver),Inver,56
11595,Keenagh,Ardmalin,25
11596,Keenaghan (ED Edenacarnan),Edenacarnan,127
11597,Keenaghan (ED Kilcar),Cill Charthaigh,122
11601,Keshends,Castleforward,35
11602,Kilaned,Cill Ghabhlaigh,21
11603,Kilbarron,Ballyshannon Rural,116
11604,Kilbeg,Cill Charthaigh,77
11605,Kilcaddan,Gleneely,18
11606,Kilcar,Cill Charthaigh,57
11607,Kilcasey,Cill Charthaigh,63
11609,Kilclooney Beg,Dawros,60
11610,Kilclooney More,Dawros,37
11611,Kilconnell or Glebe,Kilmacrenan,88
11612,Kilcreen,Rathmelton,44
11613,Kildarragh,Críoch na Sméar,54
11614,Kildoney Glebe,Ballyshannon Rural,86
11615,Kildrum Lower,Killea,49
11616,Kildrum Upper,Killea,163
11617,Kilgole,Ballintra,9
11620,Kilkenny,Maas,14
11621,Kill (ED Carrickart),Carraig Airt,49
11622,Kill (ED Dunfanaghy),Dún Fionnachaidh,162
11623,Kill (ED Largymore),An Leargaidh Mhór,35
11624,Killaghtee,Dunkineely,16
11625,Killindarragh,Anagaire,30
11627,Killavee,Grianfort,11
11628,Killeen,Carrickboy,31
11629,Killin (ED Bonnyglen),Bonnyglen,30
11630,Killin (ED Malin),Malin,12
11631,Killinangel Beg,Ballintra,22
11632,Killinangel More,Ballintra,22
11633,Killoughcarran,Caisleán na dTuath,36
11634,Killult,Na Croisbhealaí,186
11635,Killultan,Dunkineely,7
11636,Killybegs,Killybegs,555
11637,Killyclug,Edenacarnan,466
11639,Killydesert,Edenacarnan,23
11640,Killydonnell,Rathmelton,33
11642,Killygarvan Upper,Rathmullan,6
11643,Killygordon,Killygordon,434
11644,Killylastin,Edenacarnan,413
11645,Killymasny,Killymasny,82
11646,Killynure or Wilson'sfort,Convoy,127
11647,Killyverry,Newtown Cunningham,82
11648,Kilmackilloo,Críoch na Sméar,59
11649,Kilmacreddan,Inver,60
11650,Kilmacrenan,Kilmacrenan,535
11651,Kilmonaster Lower,Clonleigh South,15
11652,Kilmonaster Middle,Clonleigh South,20
11653,Kilmore,Gartán,26
11655,Kilpheak,Killymasny,48
11656,Kilrean,An Clochán,23
11657,Kilrean Lower,Ard an Rátha,14
11658,Kilrean Upper,Ard an Rátha,136
11659,Kilross,Stranorlar,19
11660,Kiltole,Figart,461
11662,Kiltown,Killygordon,10
11663,Kiltoy,Castlewray,101
11665,Kiltyfergal,An Clochán,63
11667,Kimmid,Pettigoe,19
11668,Kincaslough,Inis Mhic an Doirn,37
11669,Kincraigy,Kincraigy,49
11671,Kindroghed,Gleneely,16
11673,Kingarrow,Baile na Finne,26
11674,Kinletter,Knock,66
11676,Kinnacally,St. Johnstown,31
11677,Kinnaderry,An Clochán,31
11678,Kinnagoe,Illies,91
11679,Kinnakillew,Cill Ghabhlaigh,33
11680,Kinnalargy,Ros Goill,73
11681,Kinnalough,Fánaid Thuaidh,21
11682,Kinnea,Dunaff,100
11684,Kinnoghty,Gleann Gheis,44
11686,Kirkneedy,Killymasny,27
11687,Kirkstown,Ballymacool,103
11688,Knader,Ballyshannon Rural,83
11689,Knock (ED Culdaff),Culdaff,15
11690,Knock (ED Knock),Knock,160
11691,Knockagar,Eanymore,30
11692,Knockagarran,Convoy,65
11693,Knockamany,Ardmalin,10
11694,Knockastoller,Machaire Chlochair,273
11696,Knockbrack (ED Carrowkeel),An Cheathrú Chaol,25
11697,Knockbrack (ED Magheraboy),Magheraboy,135
11699,Knockergrana,Culdaff,8
11700,Knockfair,Stranorlar,20
11701,Knockfola,Mín an Chladaigh,182
11702,Knockglass,Ardmalin,6
11703,Knocknabollan,Kilmacrenan,41
11704,Knocknafaugher,Ards,17
11705,Knocknahorna,Inver,41
11706,Knocknamona,Letterkenny Rural,353
11707,Knocknashangan,Carrickboy,12
11708,Knockrawer,Castlefinn,16
11709,Knockybrin,Castlewray,49
11710,Labbadish,Kincraigy,77
11712,Lackagh,Dawros,43
11715,Lackcrom,Haugh,13
11716,Lacklea,An Ghrafaidh,14
11717,Lacklom,Ballintra,14
11718,Lacknacoo,Gartán,20
11719,Laconnell,Inis Caoil,35
11721,Laddan,Fánaid Thiar,16
11723,Lagacurry,Ballyliffin,59
11725,Laghy,Laghy,82
11728,Laheen,Cavangarden,30
11729,Lane Head,Castlewray,33
11730,Laraghirril,Culdaff,40
11731,Larganreagh,Ros Goill,124
11734,Largnalarkan,Baile na Finne,11
11735,Largnalore,An Clochán,22
11736,Largybrack,Inis Caoil,8
11737,Largymore,An Leargaidh Mhór,11
11738,Largynagreana,Killybegs,9
11739,Largysillagh,Crownarad,75
11740,Leabgarrow (Aran Island),Árainn Mhór,115
11741,Leabrannagh (Aran Island),Árainn Mhór,23
11743,Leaght,Killygordon,79
11744,Leamacrossan,Whitecastle,25
11745,Leamagowra,Inis Caoil,3
11746,Leat Beg,Fánaid Thiar,25
11748,Leckbeg,Inis Mhic an Doirn,21
11749,Leckenagh,Inis Mhic an Doirn,145
11750,Lederg,Desertegny,17
11751,Lefinn,Inis Mhic an Doirn,36
11752,Legacurry,Tullynaught,8
11754,Legaltan,Ballyshannon Rural,31
11755,Legboy,Grianfort,8
11756,Leggandorragh,Clonleigh South,8
11757,Leghawny,Tullynaught,89
11758,Legland (ED Killygarvan),Killygarvan,5
11759,Legland (ED Lettermore),Lettermore,20
11760,Legmuckduff,Glenalla,36
11761,Legnabraid or Cunninghamstown,Clonleigh South,21
11763,Legnahoory,Edenacarnan,111
11765,Legnanornoge,Ballintra,25
11766,Legnatraw,St. Johnstown,55
11768,Lehardan,Cnoc Colbha,60
11769,Leitrim (ED Castleforward),Castleforward,16
11770,Leitrim (ED Turmone),Turmone,60
11772,Lenan,Dunaff,102
11773,Lergadaghtan (ED Glencolumbkille),Gleann Cholm Cille,32
11774,Lergadaghtan (ED Largymore),An Leargaidh Mhór,8
11777,Lergynasearhagh,Inis Caoil,10
11778,Letter (ED Dunaff),Dunaff,115
11779,Letter (ED Fahan),Fahan,33
11781,Letter (ED Kilmacrenan),Kilmacrenan,129
11782,Letter (ED Largymore),An Leargaidh Mhór,41
11783,Letterbarra,Eanymore,61
11784,Letterbrick,An Clochán,82
11785,Lettercau,Cró Bheithe,19
11786,Lettercran,Grousehall,9
11787,Letterfad (ED Eanymore),Eanymore,26
11788,Letterfad (ED Kilmacrenan),Kilmacrenan,10
11789,Lettergull,Feddyglass,16
11790,Letterilly,Na Gleannta,49
11791,Letterkenny,Letterkenny Urban,2199
11792,Letterleague,Corravaddy,86
11793,Lettermakenny,Stranorlar,66
11794,Lettermore (ED Binbane),An Bhinn Bhán,10
11795,Lettermore (ED Lettermore),Lettermore,45
11797,Lettershanbo (ED Cloghan),An Clochán,42
11798,Lettershanbo (ED Lettermore),Lettermore,21
11799,Lettertreane,Eanymore,38
11800,Liafin,Desertegny,106
11801,Lifford,Clonleigh South,408
11803,Lifford Common,Clonleigh South,239
11805,Linsfort,Desertegny,89
11806,Lisavaddy,Corkermore,7
11807,Lisclamerty,Kincraigy,26
11808,Liscooly,Killygordon,19
11809,Lisfannan (ED Burt),Burt,19
11810,Lisfannan (ED Fahan),Fahan,219
11811,Liskeeraghan,Gleann Gheis,16
11812,Liskeran,Stranorlar,11
11813,Liskey,Clonleigh North,41
11814,Lismintan or Ballyruddelly,Ballintra,98
11815,Lismoghry,Treantaghmucklagh,70
11816,Lismonaghan,Corravaddy,696
11818,Lismullyduff,Gleneely,109
11820,Lisnamulligan,Cloghard,28
11822,Lisnanees Upper,Castlewray,35
11823,Lisnapaste,Ballintra,84
11825,Lisnaree (ED Stranorlar),Stranorlar,19
11826,Lisnenan,Letterkenny Rural,633
11828,Lissacholly,Carrickboy,56
11831,Listack,Corravaddy,8
11832,Listannagh,Feddyglass,15
11833,Listellian,Magheraboy,233
11834,Listicall Lower,Killea,58
11835,Listicall Upper,Killea,15
11837,Longfield (ED Lettermacaward),Leitir Mhic an Bhaird,15
11838,Longhill (ED Glenalla),Glenalla,12
11839,Losset,Gartán,43
11841,Loughagannon,Castlewray,27
11842,Loughagher,Cró Bheithe,11
11843,Loughanure,Anagaire,387
11844,Loughaskerry,An Tearmann,12
11850,Lougheask Demesne,Loch Iascaigh,89
11852,Lougherbraghy,Malin,30
11854,Loughfad (ED Maas),Maas,70
11857,Loughmuck,Gleann Léithín,8
11858,Loughmuilt,Dunkineely,19
11859,Loughnagin,Castlewray,243
11862,Loughros Glebe,Glenalla,26
11864,Loughsalt,An Machaire,9
11866,Loughnambraddan,Baile na Finne,14
11867,Lower Maymore,St. Johnstown,41
11869,Luddan,Buncrana Rural,317
11871,Lughveen,An Ghrafaidh,7
11872,Lunniagh,Machaire Chlochair,170
11873,Lurgabrack,Dún Fionnachaidh,50
11875,Lurgan,Ballintra,12
11876,Lurganboy (ED Ardara),Ard an Rátha,13
11877,Lurganboy (ED Donegal),Donegal,32
11878,Lurganboy (ED Greenfort),Grianfort,3
11879,Lurganboy (ED Killygarvan),Killygarvan,22
11880,Lurganbrack,Cnoc Colbha,20
11881,Lurganshannagh,Clonleigh North,14
11882,Lurgy,Magheraboy,17
11883,Lurgybrack,Magheraboy,18
11884,Maas,Maas,59
11885,Macmeenstown,Convoy,26
11886,Madavagh,Leitir Mhic an Bhaird,61
11887,Magheestown,Figart,15
11888,Maghera,Inis Caoil,8
11889,Maghera Beg,Manorcunningham,37
11890,Maghera More,Manorcunningham,13
11891,Magherabeg (ED Fahan),Fahan,149
11892,Magherabeg (ED Rosguill),Ros Goill,93
11893,Magherablad,Caisleán na dTuath,24
11895,Magheraboy (ED Killygordon),Killygordon,85
11896,Magheraboy (ED Magheraboy),Magheraboy,45
11897,Magheraboy (ED Raphoe),Raphoe,68
11899,Magheracar,Bundoran Rural/Bundoran Urban,1285
11900,Magheraclogher,Machaire Chlochair,444
11902,Magheracloy,Treantaghmucklagh,32
11903,Magheracorran,Convoy,47
11904,Magheradrumman (ED Ballyarr),Ballyarr,108
11905,Magheradrumman (ED Fanad North),Fánaid Thuaidh,65
11906,Magheradrumman (ED Gleneganon),Glennagannon,232
11907,Magheragallan,Machaire Chlochair,214
11908,Magherahaan,Raphoe,40
11909,Magherahee,Castlefinn,20
11910,Magheralahan,Whitecastle,6
11911,Magheramagorgan,Carraig Airt,9
11912,Magheramenagh,Dún Fionnachaidh,39
11916,Magheranan,Castlewray,446
11917,Magheranappan,Convoy,91
11918,Magheranaul,Ballyliffin,52
11919,Magherapaste,Stranorlar,18
11920,Magherareagh,Castlefinn,23
11921,Magheraroarty (ED Creeslough),An Craoslach,14
11922,Magheraroarty (ED Gortahork),Gort an Choirce,217
11923,Magheraroarty Mountain,Gort an Choirce,41
11925,Magherasollus,Figart,31
11926,Magheravall or Midcut,Lettermore,12
11927,Magherawardan,An Cheathrú Chaol,33
11931,Maghery Glebe,An Machaire,100
11932,Magheryard,Malin,26
11933,Magherycallaghan,Urney West,18
11934,Malin Beg,Málainn Bhig,80
11935,Malin More,Málainn Bhig,116
11936,Manorcunningham,Manorcunningham,294
11937,Manorcunningham Churchland,Manorcunningham,264
11939,Marblehill,Ards,5
11941,Masiness,An Craoslach,104
11945,Massreagh,Kilmacrenan,146
11948,Meenabaltin,Whitecastle,21
11951,Meenabollagan,An Machaire,59
11953,Meenabrock (ED Corkermore),Corkermore,44
11955,Meenacahan,An Bhinn Bhán,23
11956,Meenacally,Donegal,30
11957,Meenacargagh or Raneany Barr,Laghy,14
11958,Meenacarn,Leitir Mhic an Bhaird,20
11959,Meenachallow,Na Gleannta,74
11961,Meenacharvy,Cill Ghabhlaigh,38
11965,Meenaclady,Mín an Chladaigh,93
11969,Meenacross (ED Kilgoly),Cill Ghabhlaigh,13
11970,Meenacross (ED Maghery),An Machaire,36
11971,Meenacung (ED Magheraclogher),Machaire Chlochair,19
11976,Meenadiff (ED Kilgoly),Cill Ghabhlaigh,14
11977,Meenadiff (ED Mintiaghs),Mintiaghs,8
11978,Meenadoan,Baile na Finne,20
11980,Meenadreen (ED Kilgoly),Cill Ghabhlaigh,9
11981,Meenadreen (ED Tullynaught),Tullynaught,24
11982,Meenaduff,Machaire Chlochair,89
11985,Meenagolan (ED Fintown),Baile na Finne,34
11986,Meenagolan (ED Gleneely),Gleneely,29
11989,Meenagory,Mintiaghs,226
11990,Meenagowan,Leitir Mhic an Bhaird,50
11991,Meenagowna,Inis Mhic an Doirn,18
11992,Meenagran,An Bhinn Bhán,21
11994,Meenagrauv (ED Altnapaste),Allt na Péiste,24
11996,Meenagrillagh,Maas,6
11997,Meenagrubby,An Ghrafaidh,12
12000,Meenahinnis,Gleneely,22
12001,Meenahoney,Killygordon,11
12002,Meenahorna,An Clochán,6
12003,Meenakillew,Gleann Gheis,25
12005,Meenalaban,Lettermore,14
12006,Meenalargan,Na Gleannta,24
12008,Meenalecky,Anagaire,151
12010,Meenalig,An Clochán,33
12011,Meenalooban,Desertegny,20
12012,Meenamalragh,An Ghrafaidh,9
12014,Meenamullaghan,Illies,12
12017,Meenanarwa,An Ghrafaidh,14
12018,Meenaneary,Gleann Cholm Cille,79
12020,Meenanillar,Machaire Chlochair,186
12025,Meenasrone North,Gleann Léithín,15
12027,Meenataggart,Haugh,9
12030,Meenatinny,Suí Corr,13
12031,Meenatole,Rathmelton,11
12033,Meenavale,An Ghrafaidh,6
12035,Meenavally (ED Mulmosog),Maol Mosóg,10
12036,Meenavanaghan,Whitecastle,46
12038,Meenavean,Gleann Cholm Cille,16
12039,Meenavoy,Stranorlar,82
12042,Meenawilligan,Mín an Lábáin,7
12044,Meenawullaghan,Inver,15
12045,Meenbane,Stranorlar,17
12046,Meenbannad,Inis Mhic an Doirn,117
12049,Meenboy,An Leargaidh Mhór,11
12051,Meencargagh (ED Dooish),Dooish,41
12054,Meencorwick,Machaire Chlochair,28
12056,Meendacalliagh,Illies,42
12057,Meenderrygamph,Machaire Chlochair,69
12058,Meenderryherk Glebe,Cró Bheithe,14
12059,Meenderrynasloe,Anagaire,245
12060,Meenderryowan,Anagaire,177
12061,Meendoran,Straid,103
12062,Meendrain,An Machaire,36
12064,Meengilcarry (ED Mulmosog),Maol Mosóg,21
12067,Meengilcarry (ED Cloghan),An Clochán,8
12069,Meenlaragh (ED Gortahork),Gort an Choirce,177
12071,Meenletterbale,Greencastle,33
12072,Meenlougher,Cloghard,39
12073,Meenmore,An Clochán Liath,713
12074,Meenmore East,Baile na Finne,32
12075,Meenmore West,Gleann Léithín,16
12076,Meenreagh (ED Gleneely),Gleneely,44
12077,Meenreagh (ED Loughkeel),Loch Caol,13
12078,Meenreagh (ED Rathmullan),Rathmullan,34
12084,Meentagh,An Cheathrú Chaol,15
12085,Meentaghconlan,Cnoc Colbha,8
12086,Meentaghmore,Cnoc Colbha,20
12087,Meentakeeraghan,An Leargaidh Mhór,18
12088,Meentanadea,Maol Mosóg,10
12089,Meentanakill,Bonnyglen,12
12090,Meentashesk,Gleann Gheis,4
12091,Meentullynagarn,Maol Mosóg,20
12094,Meentymorgal,Gleann Léithín,9
12096,Meenybraddan,Bonnyglen,15
12097,Meenychanon,An Leargaidh Mhór,13
12098,Meenyhooghan,Killybegs,32
12102,Mevagh,Ros Goill,17
12105,Millbrook,Rathmullan,12
12106,Millfarm,Urney West,9
12107,Millford,Millford,381
12108,Millsessiagh,Clonleigh South,33
12110,Milltown (ED Convoy),Convoy,204
12112,Milltown (ED Killymasny),Killymasny,49
12114,Milltown (ED Raphoe),Raphoe,14
12115,Milltown (ED Tawnawully),Tawnawully,31
12116,Mogumna,Maol Mosóg,13
12118,Momeen,Treantaghmucklagh,57
12119,Monargan Glebe,Ard an Rátha,65
12120,Monclink,Kincraigy,28
12121,Mondooey Lower,Kincraigy,32
12122,Mondooey Middle,Kincraigy,60
12123,Mondooey Upper,Kincraigy,39
12124,Moneen,Clonleigh North,20
12125,Monellan,Gleneely,92
12126,Moness (ED Burt),Burt,110
12127,Moness (ED St. Johnstown),St. Johnstown,21
12128,Money Beg,Dún Lúiche,68
12129,Moneymore (ED Dunlewy),Dún Lúiche,33
12130,Moneydarragh,Gleneely,130
12131,Moneygreggan,Newtown Cunningham,70
12132,Moneyhaughly,Manorcunningham,102
12133,Moneymore (ED Ballintra),Ballintra,14
12134,Moneymore (ED Newtown Cunningham),Newtown Cunningham,28
12135,Monfad,Newtown Cunningham,59
12136,Mongavlin,St. Johnstown,44
12137,Monglass,Castleforward,44
12139,Monreagh (ED Killea),Killea,38
12140,Monreagh or Barr of Kilmackilvenny,Fahan,73
12142,Mooneennahasragh,An Clochán,19
12143,Moress,Inch Island,134
12144,Moross,Rosnakill,21
12145,Mossfield,Mín an Lábáin,6
12146,Mossy Glen,Greencastle,49
12147,Mountainpark (ED Figart),Figart,21
12149,Mountcharles,Tantallon,491
12150,Mounthall,Gleneely,57
12151,Mountpleasure,Mín an Lábáin,21
12152,Moy,Maol Mosóg,9
12154,Moyle (ED Ballyarr),Ballyarr,28
12155,Moyle (ED Newtown Cunningham),Newtown Cunningham,29
12156,Moylehill,Ballyarr,26
12157,Moylemoss,Newtown Cunningham,7
12158,Moyne,Tullynaught,15
12159,Moyra Glebe,Na Croisbhealaí,90
12160,Muckros (ED Donegal),Donegal,37
12161,Muckros (ED Largymore),An Leargaidh Mhór,27
12162,Muff (ED Culdaff),Culdaff,169
12163,Muff (ED Kilderry),Kilderry,843
12164,Muineagh (ED Desertegny),Desertegny,65
12165,Muineagh (ED Fanad West),Fánaid Thiar,24
12166,Mullafin,Kincraigy,19
12168,Mullaghaneary,Gleneely,31
12169,Mullaghanny,Clonleigh North,27
12170,Mullaghderg,Anagaire,49
12171,Mullaghderg Mountain Pasture,Anagaire,64
12172,Mullaghdoo Scotch,Anagaire,157
12173,Mullaghdoo Irish,Anagaire,28
12174,Mullagheep,Ballyarr,20
12179,Mullanacross,Ballintra,20
12180,Mullanalamphry,Clogher,16
12181,Mullanard,Convoy,14
12182,Mullanasole,Laghy,111
12184,Mullanboy,Cloghard,69
12185,Mullanboys,Tantallon,63
12186,Mullandrait,Stranorlar,245
12188,Mullanmore,Na Gleannta,12
12189,Mullans (ED Ballyshannon Rural),Ballyshannon Rural,39
12190,Mullans (ED Donegal),Donegal,248
12191,Mullans (ED Tullynaught),Tullynaught,18
12192,Mullantiboyle,Na Gleannta,51
12193,Mulleny,Burt,40
12194,Mullingar,Killygordon,14
12195,Mully,An Ghrafaidh,22
12196,Mullyvea,Dawros,17
12197,Mulmosog or Altnagapple,Maol Mosóg,13
12198,Mulnagoad,Templecarn,8
12199,Mulnagung,Clonleigh North,36
12201,Mulnamin More,Na Gleannta,18
12202,Mulnaveagh,Clonleigh North,12
12203,Multins,Corkermore,23
12204,Muntermellan,Dún Fionnachaidh,36
12205,Munterneese,Tantallon,74
12206,Muntertinny,Figart,34
12207,Murren,Fánaid Thuaidh,14
12208,Murlough (ED Clonleigh South),Clonleigh South,22
12209,Murlough (ED Newtown Cunningham),Newtown Cunningham,8
12210,Murroe,Dún Fionnachaidh,68
12212,Murvagh Upper Glebe,Ballintra,13
12213,Naran,Dawros,98
12214,Navenny,Knock,877
12215,Newmill,Rathmelton,43
12216,Newrow (ED Clonleigh North),Clonleigh North,15
12217,Newrow (ED Figart),Figart,29
12220,Newtownburke,Gleann Gheis,9
12221,Newtowncunningham,Newtown Cunningham,362
12222,Newtowndrumgornan,Donegal,20
12224,Newtownhamilton,Killea,37
12225,Norrira,Malin,45
12226,Oakfield Demesne,Raphoe,64
12227,Ogherbeg,Haugh,50
12229,Oldtown,Letterkenny Rural,440
12230,Oort,Gleneely,78
12232,Oughterlin,Killygarvan,12
12233,Oughtmeen,An Clochán Liath,44
12234,Oughtnadrin,Laghy,23
12236,Owenboy (ED Illies),Illies,34
12237,Owenkillew and Barnahone,Buncrana Rural,11
12238,Owennagadragh,Gleneely,14
12239,Owenteskiny,Inis Caoil,19
12241,Parkhill,Ballyshannon Rural,49
12242,Parkmore,Ards,54
12243,Pettigoe,Pettigoe,61
12244,Plaster,Newtown Cunningham,13
12246,Pluck,Magheraboy,32
12247,Plughoge (Aran Island),Árainn Mhór,35
12251,Point (ED Tantallon),Tantallon,8
12254,Pollans,Templedouglas,9
12255,Pollet,Fánaid Thuaidh,21
12256,Pollnaranny,Ballintra,19
12257,Port (ED Dunfanaghy),Dún Fionnachaidh,50
12258,Port (ED Inver),Inver,44
12261,Porthall,Clonleigh North,152
12263,Portleen,Loch Caol,47
12264,Portlough,Castleforward,21
12265,Portnason,Ballyshannon Urban,13
12266,Prablin,Rathmelton,13
12267,Prieststown,Convoy,19
12269,Procklis (ED Kilmacrenan),Kilmacrenan,49
12270,Procklis (ED Templedouglas),Templedouglas,53
12271,Race End,Gortnavern,66
12272,Rafoarty (ED Ballintra),Ballintra,32
12274,Raforker,Donegal,10
12275,Rahan Far,Dunkineely,8
12276,Rahan Near,Dunkineely,18
12277,Rahanlacky,Corkermore,11
12279,Raneany East,Laghy,26
12280,Raneany West,Laghy,102
12281,Raneely,Tantallon,9
12282,Rann,Corravaddy,67
12283,Rannagh and Toories,Árainn Mhór,22
12284,Ranny (ED Carrowkeel),An Cheathrú Chaol,69
12285,Ranny (ED Lettermacaward),Leitir Mhic an Bhaird,75
12286,Raphoe Demesne,Raphoe,137
12287,Raphoe Townparks,Raphoe,855
12288,Rareagh,Corravaddy,77
12289,Rarooey,Donegal,17
12290,Rashedoge,Killymasny,16
12291,Rashenny,Ballyliffin,155
12292,Rath,Ballintra,23
12294,Rathdonnell,Edenacarnan,81
12295,Rathfragan,Ballintra,11
12296,Rathglass,Bundoran Rural,10
12299,Rathmelton,Rathmelton,943
12300,Rathmore,Bundoran Rural,75
12301,Rathmullan and Ballyboe (ED Rathmullan),Rathmullan,508
12303,Ratteen,St. Johnstown,17
12305,Raws Lower,Cloghard,47
12306,Raws Upper,Cloghard,11
12308,Ray (ED Cross Roads),Na Croisbhealaí,103
12309,Ray (ED Glenalla),Glenalla,62
12310,Raymoghy,Manorcunningham,105
12311,Redford Glebe,Culdaff,22
12312,Revlin,Donegal,18
12313,Rinboy,Fánaid Thuaidh,20
12314,Rinclevan,Dún Fionnachaidh,25
12315,Rinmore,Fánaid Thuaidh,14
12316,Rinnafarset,Anagaire,276
12317,Rinnakill,Gleann Cholm Cille,33
12318,Rinnaraw,Ards,14
12319,Rinnasligo,Ards,16
12321,Rockfield,St. Johnstown,9
12322,Rockhill (ED Ards),Ards,102
12323,Rockhill (ED Ballymacool),Ballymacool,26
12324,Rockhill (ED Cavangarden),Cavangarden,84
12327,Roelough,An Leargaidh Mhór,9
12328,Roes,Eanymore,15
12330,Roosky (ED Creeslough),An Craoslach,35
12331,Roosky (ED Castleforward),Castleforward,124
12332,Roosky (ED Fahan),Fahan,15
12333,Roosky (ED Kincraigy),Kincraigy,63
12334,Roosky (ED Straid),Straid,53
12335,Roosky (ED Whitecastle),Whitecastle,120
12336,Roosky Lower,Castlefinn,31
12337,Roosky Upper,Castlefinn,82
12338,Rosepenna,Ros Goill,133
12339,Roshin (ED Dunfanaghy),Dún Fionnachaidh,22
12340,Roshin (ED Gartan),Gartán,30
12341,Roshin (ED Killybegs),Killybegs,62
12342,Roshin (ED Templedouglas),Templedouglas,12
12343,Roshin Acres,Inis Mhic an Doirn,163
12344,Roshin Lodge,Inis Mhic an Doirn,21
12345,Roshin North,Inis Mhic an Doirn,21
12346,Roshin South,An Machaire,42
12347,Rosnakill,Rosnakill,70
12348,Rossbeg,Dawros,27
12349,Rossbrackan (ED Magheraboy),Magheraboy,101
12350,Rosscad,An Craoslach,32
12352,Rosscat,Ballyshannon Rural,18
12353,Rossgarrow,Millford,152
12354,Rossgeir,Clonleigh North,132
12355,Rossilly,Laghy,10
12356,Rossilly Barr,Laghy,14
12357,Rosskirk and Killhill,Fánaid Thuaidh,24
12358,Rossmore,Tullynaught,18
12359,Rossnowlagh Lower,Ballintra,11
12360,Rossnowlagh Upper or Crockahany,Ballintra,46
12361,Rossreagh,Rathmelton,59
12362,Rossylongan,Donegal,127
12364,Roughan (ED Clonleigh South),Clonleigh South,9
12365,Roughan (ED Killymasny),Killymasny,19
12366,Roughan (ED Newtown Cunningham),Newtown Cunningham,10
12368,Roughan Glebe,Newtown Cunningham,16
12369,Roughpark (ED Castlewray),Castlewray,197
12370,Roughpark (ED Rathmelton),Rathmelton,25
12372,Roxborough Glebe,Cill Charthaigh,119
12374,Rushyhill,Gleneely,18
12376,Ryelands,Treantaghmucklagh,32
12377,Saintjohnstown,St. Johnstown,334
12378,Sallaghagrane,Letterkenny Rural,672
12379,Sallows,An Bhinn Bhán,66
12381,Sallywood,Gleneely,26
12382,Salthill Demesne,Tantallon,65
12383,Saltpans (ED Maghery),An Machaire,30
12384,Saltpans (ED Rathmullan),Rathmullan,21
12385,Sandfield,Dawros,49
12386,Sandhill,Ards,23
12387,Scaddaman,Gleann Gheis,13
12390,Scribly,Corravaddy,107
12391,Seacor,Suí Corr,29
12395,Sesnacully,Raphoe,8
12396,Sessiagh (Allison),Castlefinn,206
12398,Sessiagh (ED Fanad West),Fánaid Thiar,11
12399,Sessiagh (Long),Castlefinn,19
12400,Sessiagh (O'Neill),Knock,171
12403,Shallogan More,Gleann Léithín,13
12404,Shalwy,An Leargaidh Mhór,15
12405,Shanaghan,Gleann Gheis,38
12406,Shanbally,Gleann Cholm Cille,39
12407,Shandrim,Mintiaghs,135
12408,Shannagh (ED Ballintra),Ballintra,34
12410,Shannagh (ED Raphoe),Raphoe,17
12411,Shannaghdoo,Fánaid Thuaidh,27
12414,Sharagore,Desertegny,51
12415,Sharon Glebe,Newtown Cunningham,9
12416,Sheegys,Ballyshannon Rural,36
12418,Sheercloon,Clonleigh North,29
12419,Shellfield,Rathmelton,13
12420,Sheskinapoll,Treantaghmucklagh,20
12421,Sheskinarone,An Clochán Liath,163
12423,Sheskinbeg,Machaire Chlochair,33
12424,Sixty Acres,Clonleigh North,19
12426,Skelpy,Urney West,57
12427,Skeoge,Burt,58
12428,Skerry,Loch Caol,17
12429,Skreen,Tullynaught,7
12431,Skreen Upper,Loch Caol,22
12432,Sladran,Mintiaghs,118
12433,Slatehill,Newtown Cunningham,16
12434,Sleeghan,Machaire Chlochair,20
12435,Slievebuck,Kincraigy,34
12436,Sminver,Carrickboy/Ballyshannon Urban,7
12437,Snugborough,Ard an Rátha,10
12438,Sockar,Edenacarnan,55
12439,Soppog,Kilderry,162
12442,Speenoge,Burt,162
12443,Spierstown,Clogher,56
12445,Springhill,Clonleigh South,24
12449,Sruhanreagh,Dún Lúiche,96
12450,Stackarnagh,Templedouglas,82
12455,Starritstown,Convoy,22
12456,Stormhill,Ard an Rátha,10
12457,Straboy (ED Glenties),Na Gleannta,42
12458,Straboy (ED Kilgoly),Cill Ghabhlaigh,7
12462,Stragally,Allt na Péiste,29
12463,Stragar,Tieveskeelta,71
12464,Stragraddy,An Tearmann,38
12465,Straid (ED Straid),Straid,206
12466,Straid or Glebe,Cill Ghabhlaigh,4
12467,Strakeenagh,Machaire Chlochair,23
12468,Straleel,Cró Chaorach,36
12469,Straleel North,Gleann Cholm Cille,22
12470,Straleel South,Gleann Cholm Cille,19
12474,Stralongford,Convoy,89
12475,Stramackilmartin,Machaire Chlochair,50
12476,Stramore,Mín an Lábáin,18
12478,Stranabrattoge,An Clochán,35
12479,Stranabrooey,Machaire Chlochair,25
12480,Stranaclea,Illies,22
12482,Stranaglogh,Na Gleannta,153
12484,Stranakirk,Cró Chaorach,11
12485,Stranamuck,Castlefinn,31
12489,Stranorlar,Stranorlar,679
12490,Strasallagh,Na Gleannta,9
12491,Straths,Ballyliffin,56
12493,Strawoaghter Glebe,Ard an Rátha,6
12494,Stroangarrow,Allt na Péiste,12
12495,Stroangibbagh (ED Altnapaste),Allt na Péiste,6
12496,Stroangibbagh (ED Lettermore),Lettermore,5
12497,Stroove,Greencastle,93
12498,Summerhill,Donegal,43
12499,Summy,Dawros,38
12501,Swillybrin,Ards,28
12502,Tamnawood,Clonleigh North,22
12503,Tamur (ED Bonnyglen),Bonnyglen,21
12504,Tamur (ED Templecarn),Templecarn,28
12506,Tangaveane (ED Graffy),An Ghrafaidh,8
12507,Taughboy,Goland,11
12509,Tawnacrom,Castlefinn,16
12510,Tawnagh,Tullynaught,14
12511,Tawnaghgorm,Tawnawully,36
12512,Tawnaghlahan,Tawnawully,11
12513,Tawnalary,Donegal,28
12514,Tawnasligo,Killybegs,78
12515,Tawnawully Mountains,Tawnawully,15
12516,Tawny (ED Largymore),An Leargaidh Mhór,161
12517,Tawny (ED Rosnakill),Rosnakill,39
12518,Tawny Lower,Kilmacrenan,47
12520,Tawny Upper,Loch Caol,11
12522,Tawnyvorgal,Loch Iascaigh,40
12523,Teangue,Lettermore,7
12524,Teevickmoy,Stranorlar,87
12526,Templemoyle,Culdaff,167
12527,Templenew,Carrickboy,8
12528,Termon,An Machaire,45
12529,Three Trees,Three Trees,184
12531,Tievebane,Fahan,332
12532,Tieveboy,Clonleigh North,37
12534,Tievebrack (ED Cloghard),Cloghard,38
12535,Tievecloghoge,Knock,27
12538,Tievegarvlagh,An Machaire,7
12540,Tievemore,Grousehall,8
12545,Tinnycahil,Clogher,9
12546,Tirargus,An Tearmann,80
12547,Tircallan,Stranorlar,79
12550,Tirharon,Manorcunningham,26
12551,Tirhomin,Millford,75
12552,Tirinisk,Cloghard,68
12554,Tirkillin,An Tearmann,34
12555,Tirlaydan,Cnoc Colbha,29
12556,Tirlin,An Craoslach,12
12557,Tirloughan,Carraig Airt,112
12558,Tirmacroragh,Turmone,30
12559,Tirnagushoge or Bicketstown,Cloghard,29
12560,Tironeill,Clonleigh North,5
12561,Tirroddy (ED Glenalla),Glenalla,18
12563,Tiryrone,Castlecary,58
12564,Tober (ED Cavangarden),Cavangarden,62
12565,Tober (ED Killea),Killea,15
12566,Toberkeen,An Machaire,119
12567,Tobernahoory,Ballintra,41
12568,Toberoneill,Clonleigh South,33
12571,Tonagh,Killea,61
12572,Tonbane Glebe,Fánaid Thiar,18
12573,Tonduff (ED Altnapaste),Allt na Péiste,15
12574,Tonduff (ED Desertegny),Desertegny,59
12575,Tonduff (Thompson),Allt na Péiste,30
12576,Tonregee (ED Ballyshannon Rural),Ballyshannon Rural,62
12577,Tonregee (ED Inver),Inver,9
12579,Toome (ED Fanad North),Fánaid Thuaidh,20
12580,Toome (ED Lettermacaward),Leitir Mhic an Bhaird,80
12582,Tops,Raphoe,41
12584,Tor,Machaire Chlochair,14
12585,Toragh,Glen,7
12586,Tory Island,Mín an Chladaigh,119
12587,Toulett,Burt,15
12588,Townparks (ED Ballyshannon Urban),Ballyshannon Urban,1141
12589,Townparks (ED Clonleigh South),Clonleigh South,59
12590,Stranacorcragh,Machaire Chlochair,151
12591,Treanamullin,Stranorlar,23
12593,Treanbeg,Templedouglas,15
12594,Treanboy,Convoy,9
12595,Treankeel,Mín Charraigeach,23
12596,Treansallagh,St. Johnstown,53
12597,Treantaboy,Convoy,105
12598,Treantagh,Treantaghmucklagh,20
12599,Treantaghmucklagh,Treantaghmucklagh,42
12600,Trillick,Buncrana Rural,80
12601,Trimragh,Magheraboy,192
12602,Tromaty (Inishowen East By),Whitecastle,170
12603,Tromaty (Inishowen West By),Whitecastle,88
12604,Trumman  East,Laghy,92
12605,Trumman West Barr,Laghy,19
12606,Trumman West,Laghy,27
12607,Trusk,Knock,35
12608,Tullagh (ED Cranford),Creamhghort,55
12609,Tullagh (ED Dunaff),Dunaff,101
12610,Tullaghacullion,Killybegs,45
12611,Tullaghcullion,Donegal,204
12612,Tullaghobegly Irish,Dún Lúiche,129
12613,Tullaghobegly Scotch,Na Croisbhealaí,27
12614,Tullanascreen,Templedouglas,9
12615,Tullanree,Glennagannon,106
12618,Tullinteane,Corkermore,67
12619,Tully (ED Carrickboy),Carrickboy,20
12620,Tully (ED Donegal),Donegal,53
12621,Tully (ED Fanad West),Fánaid Thiar,8
12623,Tullybeg (ED Ballyarr),Ballyarr,20
12624,Tullybeg (ED Church Hill),Mín an Lábáin,13
12625,Tullybeg (ED Malin),Malin,7
12626,Tully Hall,Ballyarr,17
12627,Tullymore (ED Ballyarr),Ballyarr,6
12628,Tullymore (ED Church Hill),Mín an Lábáin,9
12629,Tullymore (ED Maas),Maas,32
12631,Tully Mountain,Ballyarr,84
12632,Tullyally,Redcastle,90
12633,Tullyannan,Castleforward,10
12634,Tullyannan Glebe,Castleforward,8
12635,Tullyard (ED Glenties),Na Gleannta,22
12637,Tullyarvan,Buncrana Rural/Buncrana Urban,1495
12639,Tullybogly,Kincraigy,15
12641,Tullychullion,Templedouglas,33
12642,Tullycleave Beg,Dawros,16
12643,Tullycleave More,Dawros,115
12644,Tullyconnell,Fánaid Thiar,31
12645,Tullycumber,An Bhinn Bhán,14
12646,Tullydonnell Lower,Figart,9
12647,Tullydonnell Upper,Figart,20
12648,Tullydush Lower,Buncrana Rural,22
12649,Tullydush Upper,Buncrana Rural,26
12650,Tullyearl,Tullynaught,39
12651,Tullygallan,Laghy,43
12653,Tullygay,Ballymacool,180
12654,Tullyhonour,Mín Charraigeach,63
12655,Tullyhonwar,Ard an Rátha,5
12656,Tullyhorky,Ballyshannon Rural,45
12657,Tullyillan,Inis Mhic an Doirn,29
12658,Tullylark,Grousehall,11
12659,Tullyleague or Tullybrook,Tullynaught,35
12660,Tullyloskan,Tullynaught,13
12661,Tullymore,Ballyshannon Rural,21
12662,Tullymornin,Tullynaught,15
12663,Tullynabratilly,Ballyliffin,197
12664,Tullynadall,Fánaid Thuaidh,20
12667,Tullynagreana,Eanymore,30
12668,Tullynaha,Eanymore,17
12669,Tullynavinn,Redcastle,52
12670,Tullyowen,St. Johnstown,12
12671,Tullyrap,Feddyglass,4
12672,Tullytrasna (ED Binbane),An Bhinn Bhán,4
12674,Tullyvinny,Figart,109
12675,Tullyvoos,Tantallon,29
12676,Tullywee,Laghy,28
12677,Ture,Three Trees,121
12680,Umgall,Ardmalin,53
12681,Umlagh,Carraig Airt,163
12682,Ummerafad,Caisleán na dTuath,54
12683,Ummerawirrinan,Gleann Cholm Cille,28
12684,Umrycam (ED Mintiaghs),Mintiaghs,194
12685,Umrycam (ED Fanad West),Fánaid Thiar,6
12686,Umuskan,An Leargaidh Mhór,15
12687,Unshinagh Lower,Clonleigh South,13
12689,Maymore Upper,St. Johnstown,23
12692,Urbalreagh,Malin,29
12693,Urbalshinny (ED Ballintra),Ballintra,13
12694,Urbalshinny (ED Millford),Millford,80
12695,Urrismenagh,Dunaff,80
12696,Veagh,Manorcunningham,22
12700,Welchtown,An Clochán,75
12701,Whitecastle,Whitecastle,22
12702,Whitehill (ED Gartan),Gartán,16
12704,Whitehill (ED St. Johnstown),St. Johnstown,87
12706,Whitehill (ED Tullynaught),Tullynaught,7
12707,Whitehouse,Killea,17
12708,Windyhall,Letterkenny Rural,94
12709,Winnyhaw,Figart,12
12710,Winterhill,Haugh,15
12711,Wood,Clonleigh South,12
12713,Woodhill (ED Ardara),Ard an Rátha,52
12714,Woodhill (ED Ards),Ards,13
12715,Woodhill (ED Kincraigy),Kincraigy,17
12716,Woodland,Castlewray,279
12717,Woodlands,Feddyglass,19
12718,Woodpark,Corravaddy,240
12719,Woodquarter,Creamhghort,102
12720,Woodtown,Gortnavern,25
